datetime,id
2025-08-10 00:00:00,0
2025-08-10 00:10:00,1
2025-08-10 00:20:00,2
2025-08-10 00:30:00,3
2025-08-10 00:40:00,4
2025-08-10 00:50:00,5
2025-08-10 01:00:00,6
2025-08-10 01:10:00,7
2025-08-10 01:20:00,8
2025-08-10 01:30:00,9
2025-08-10 01:40:00,10
2025-08-10 01:50:00,11
2025-08-10 02:00:00,12
2025-08-10 02:10:00,13
2025-08-10 02:20:00,14
2025-08-10 02:30:00,15
2025-08-10 02:40:00,16
2025-08-10 02:50:00,17
2025-08-10 03:00:00,18
2025-08-10 03:10:00,19
2025-08-10 03:20:00,20
2025-08-10 03:30:00,21
2025-08-10 03:40:00,22
2025-08-10 03:50:00,23
2025-08-10 04:00:00,24
2025-08-10 04:10:00,25
2025-08-10 04:20:00,26
2025-08-10 04:30:00,27
2025-08-10 04:40:00,28
2025-08-10 04:50:00,29
2025-08-10 05:00:00,30
2025-08-10 05:10:00,31
2025-08-10 05:20:00,32
2025-08-10 05:30:00,33
2025-08-10 05:40:00,34
2025-08-10 05:50:00,35
2025-08-10 06:00:00,36
2025-08-10 06:10:00,37
2025-08-10 06:20:00,38
2025-08-10 06:30:00,39
2025-08-10 06:40:00,40
2025-08-10 06:50:00,41
2025-08-10 07:00:00,42
2025-08-10 07:10:00,43
2025-08-10 07:20:00,44
2025-08-10 07:30:00,45
2025-08-10 07:40:00,46
2025-08-10 07:50:00,47
2025-08-10 08:00:00,48
2025-08-10 08:10:00,49
2025-08-10 08:20:00,50
2025-08-10 08:30:00,51
2025-08-10 08:40:00,52
2025-08-10 08:50:00,53
2025-08-10 09:00:00,54
2025-08-10 09:10:00,55
2025-08-10 09:20:00,56
2025-08-10 09:30:00,57
2025-08-10 09:40:00,58
2025-08-10 09:50:00,59
2025-08-10 10:00:00,60
2025-08-10 10:10:00,61
2025-08-10 10:20:00,62
2025-08-10 10:30:00,63
2025-08-10 10:40:00,64
2025-08-10 10:50:00,65
2025-08-10 11:00:00,66
2025-08-10 11:10:00,67
2025-08-10 11:20:00,68
2025-08-10 11:30:00,69
2025-08-10 11:40:00,70
2025-08-10 11:50:00,71
2025-08-10 12:00:00,72
2025-08-10 12:10:00,73
2025-08-10 12:20:00,74
2025-08-10 12:30:00,75
2025-08-10 12:40:00,76
2025-08-10 12:50:00,77
2025-08-10 13:00:00,78
2025-08-10 13:10:00,79
2025-08-10 13:20:00,80
2025-08-10 13:30:00,81
2025-08-10 13:40:00,82
2025-08-10 13:50:00,83
2025-08-10 14:00:00,84
2025-08-10 14:10:00,85
2025-08-10 14:20:00,86
2025-08-10 14:30:00,87
2025-08-10 14:40:00,88
2025-08-10 14:50:00,89
2025-08-10 15:00:00,90
2025-08-10 15:10:00,91
2025-08-10 15:20:00,92
2025-08-10 15:30:00,93
2025-08-10 15:40:00,94
2025-08-10 15:50:00,95
2025-08-10 16:00:00,96
2025-08-10 16:10:00,97
2025-08-10 16:20:00,98
2025-08-10 16:30:00,99
2025-08-10 16:40:00,100
2025-08-10 16:50:00,101
2025-08-10 17:00:00,102
2025-08-10 17:10:00,103
2025-08-10 17:20:00,104
2025-08-10 17:30:00,105
2025-08-10 17:40:00,106
2025-08-10 17:50:00,107
2025-08-10 18:00:00,108
2025-08-10 18:10:00,109
2025-08-10 18:20:00,110
2025-08-10 18:30:00,111
2025-08-10 18:40:00,112
2025-08-10 18:50:00,113
2025-08-10 19:00:00,114
2025-08-10 19:10:00,115
2025-08-10 19:20:00,116
2025-08-10 19:30:00,117
2025-08-10 19:40:00,118
2025-08-10 19:50:00,119
2025-08-10 20:00:00,120
2025-08-10 20:10:00,121
2025-08-10 20:20:00,122
2025-08-10 20:30:00,123
2025-08-10 20:40:00,124
2025-08-10 20:50:00,125
2025-08-10 21:00:00,126
2025-08-10 21:10:00,127
2025-08-10 21:20:00,128
2025-08-10 21:30:00,129
2025-08-10 21:40:00,130
2025-08-10 21:50:00,131
2025-08-10 22:00:00,132
2025-08-10 22:10:00,133
2025-08-10 22:20:00,134
2025-08-10 22:30:00,135
2025-08-10 22:40:00,136
2025-08-10 22:50:00,137
2025-08-10 23:00:00,138
2025-08-10 23:10:00,139
2025-08-10 23:20:00,140
2025-08-10 23:30:00,141
2025-08-10 23:40:00,142
2025-08-10 23:50:00,143
2025-08-11 00:00:00,144
2025-08-11 00:10:00,145
2025-08-11 00:20:00,146
2025-08-11 00:30:00,147
2025-08-11 00:40:00,148
2025-08-11 00:50:00,149
2025-08-11 01:00:00,150
2025-08-11 01:10:00,151
2025-08-11 01:20:00,152
2025-08-11 01:30:00,153
2025-08-11 01:40:00,154
2025-08-11 01:50:00,155
2025-08-11 02:00:00,156
2025-08-11 02:10:00,157
2025-08-11 02:20:00,158
2025-08-11 02:30:00,159
2025-08-11 02:40:00,160
2025-08-11 02:50:00,161
2025-08-11 03:00:00,162
2025-08-11 03:10:00,163
2025-08-11 03:20:00,164
2025-08-11 03:30:00,165
2025-08-11 03:40:00,166
2025-08-11 03:50:00,167
2025-08-11 04:00:00,168
2025-08-11 04:10:00,169
2025-08-11 04:20:00,170
2025-08-11 04:30:00,171
2025-08-11 04:40:00,172
2025-08-11 04:50:00,173
2025-08-11 05:00:00,174
2025-08-11 05:10:00,175
2025-08-11 05:20:00,176
2025-08-11 05:30:00,177
2025-08-11 05:40:00,178
2025-08-11 05:50:00,179
2025-08-11 06:00:00,180
2025-08-11 06:10:00,181
2025-08-11 06:20:00,182
2025-08-11 06:30:00,183
2025-08-11 06:40:00,184
2025-08-11 06:50:00,185
2025-08-11 07:00:00,186
2025-08-11 07:10:00,187
2025-08-11 07:20:00,188
2025-08-11 07:30:00,189
2025-08-11 07:40:00,190
2025-08-11 07:50:00,191
2025-08-11 08:00:00,192
2025-08-11 08:10:00,193
2025-08-11 08:20:00,194
2025-08-11 08:30:00,195
2025-08-11 08:40:00,196
2025-08-11 08:50:00,197
2025-08-11 09:00:00,198
2025-08-11 09:10:00,199
2025-08-11 09:20:00,200
2025-08-11 09:30:00,201
2025-08-11 09:40:00,202
2025-08-11 09:50:00,203
2025-08-11 10:00:00,204
2025-08-11 10:10:00,205
2025-08-11 10:20:00,206
2025-08-11 10:30:00,207
2025-08-11 10:40:00,208
2025-08-11 10:50:00,209
2025-08-11 11:00:00,210
2025-08-11 11:10:00,211
2025-08-11 11:20:00,212
2025-08-11 11:30:00,213
2025-08-11 11:40:00,214
2025-08-11 11:50:00,215
2025-08-11 12:00:00,216
2025-08-11 12:10:00,217
2025-08-11 12:20:00,218
2025-08-11 12:30:00,219
2025-08-11 12:40:00,220
2025-08-11 12:50:00,221
2025-08-11 13:00:00,222
2025-08-11 13:10:00,223
2025-08-11 13:20:00,224
2025-08-11 13:30:00,225
2025-08-11 13:40:00,226
2025-08-11 13:50:00,227
2025-08-11 14:00:00,228
2025-08-11 14:10:00,229
2025-08-11 14:20:00,230
2025-08-11 14:30:00,231
2025-08-11 14:40:00,232
2025-08-11 14:50:00,233
2025-08-11 15:00:00,234
2025-08-11 15:10:00,235
2025-08-11 15:20:00,236
2025-08-11 15:30:00,237
2025-08-11 15:40:00,238
2025-08-11 15:50:00,239
2025-08-11 16:00:00,240
2025-08-11 16:10:00,241
2025-08-11 16:20:00,242
2025-08-11 16:30:00,243
2025-08-11 16:40:00,244
2025-08-11 16:50:00,245
2025-08-11 17:00:00,246
2025-08-11 17:10:00,247
2025-08-11 17:20:00,248
2025-08-11 17:30:00,249
2025-08-11 17:40:00,250
2025-08-11 17:50:00,251
2025-08-11 18:00:00,252
2025-08-11 18:10:00,253
2025-08-11 18:20:00,254
2025-08-11 18:30:00,255
2025-08-11 18:40:00,256
2025-08-11 18:50:00,257
2025-08-11 19:00:00,258
2025-08-11 19:10:00,259
2025-08-11 19:20:00,260
2025-08-11 19:30:00,261
2025-08-11 19:40:00,262
2025-08-11 19:50:00,263
2025-08-11 20:00:00,264
2025-08-11 20:10:00,265
2025-08-11 20:20:00,266
2025-08-11 20:30:00,267
2025-08-11 20:40:00,268
2025-08-11 20:50:00,269
2025-08-11 21:00:00,270
2025-08-11 21:10:00,271
2025-08-11 21:20:00,272
2025-08-11 21:30:00,273
2025-08-11 21:40:00,274
2025-08-11 21:50:00,275
2025-08-11 22:00:00,276
2025-08-11 22:10:00,277
2025-08-11 22:20:00,278
2025-08-11 22:30:00,279
2025-08-11 22:40:00,280
2025-08-11 22:50:00,281
2025-08-11 23:00:00,282
2025-08-11 23:10:00,283
2025-08-11 23:20:00,284
2025-08-11 23:30:00,285
2025-08-11 23:40:00,286
2025-08-11 23:50:00,287
2025-08-12 00:00:00,288
2025-08-12 00:10:00,289
2025-08-12 00:20:00,290
2025-08-12 00:30:00,291
2025-08-12 00:40:00,292
2025-08-12 00:50:00,293
2025-08-12 01:00:00,294
2025-08-12 01:10:00,295
2025-08-12 01:20:00,296
2025-08-12 01:30:00,297
2025-08-12 01:40:00,298
2025-08-12 01:50:00,299
2025-08-12 02:00:00,300
2025-08-12 02:10:00,301
2025-08-12 02:20:00,302
2025-08-12 02:30:00,303
2025-08-12 02:40:00,304
2025-08-12 02:50:00,305
2025-08-12 03:00:00,306
2025-08-12 03:10:00,307
2025-08-12 03:20:00,308
2025-08-12 03:30:00,309
2025-08-12 03:40:00,310
2025-08-12 03:50:00,311
2025-08-12 04:00:00,312
2025-08-12 04:10:00,313
2025-08-12 04:20:00,314
2025-08-12 04:30:00,315
2025-08-12 04:40:00,316
2025-08-12 04:50:00,317
2025-08-12 05:00:00,318
2025-08-12 05:10:00,319
2025-08-12 05:20:00,320
2025-08-12 05:30:00,321
2025-08-12 05:40:00,322
2025-08-12 05:50:00,323
2025-08-12 06:00:00,324
2025-08-12 06:10:00,325
2025-08-12 06:20:00,326
2025-08-12 06:30:00,327
2025-08-12 06:40:00,328
2025-08-12 06:50:00,329
2025-08-12 07:00:00,330
2025-08-12 07:10:00,331
2025-08-12 07:20:00,332
2025-08-12 07:30:00,333
2025-08-12 07:40:00,334
2025-08-12 07:50:00,335
2025-08-12 08:00:00,336
2025-08-12 08:10:00,337
2025-08-12 08:20:00,338
2025-08-12 08:30:00,339
2025-08-12 08:40:00,340
2025-08-12 08:50:00,341
2025-08-12 09:00:00,342
2025-08-12 09:10:00,343
2025-08-12 09:20:00,344
2025-08-12 09:30:00,345
2025-08-12 09:40:00,346
2025-08-12 09:50:00,347
2025-08-12 10:00:00,348
2025-08-12 10:10:00,349
2025-08-12 10:20:00,350
2025-08-12 10:30:00,351
2025-08-12 10:40:00,352
2025-08-12 10:50:00,353
2025-08-12 11:00:00,354
2025-08-12 11:10:00,355
2025-08-12 11:20:00,356
2025-08-12 11:30:00,357
2025-08-12 11:40:00,358
2025-08-12 11:50:00,359
2025-08-12 12:00:00,360
2025-08-12 12:10:00,361
2025-08-12 12:20:00,362
2025-08-12 12:30:00,363
2025-08-12 12:40:00,364
2025-08-12 12:50:00,365
2025-08-12 13:00:00,366
2025-08-12 13:10:00,367
2025-08-12 13:20:00,368
2025-08-12 13:30:00,369
2025-08-12 13:40:00,370
2025-08-12 13:50:00,371
2025-08-12 14:00:00,372
2025-08-12 14:10:00,373
2025-08-12 14:20:00,374
2025-08-12 14:30:00,375
2025-08-12 14:40:00,376
2025-08-12 14:50:00,377
2025-08-12 15:00:00,378
2025-08-12 15:10:00,379
2025-08-12 15:20:00,380
2025-08-12 15:30:00,381
2025-08-12 15:40:00,382
2025-08-12 15:50:00,383
2025-08-12 16:00:00,384
2025-08-12 16:10:00,385
2025-08-12 16:20:00,386
2025-08-12 16:30:00,387
2025-08-12 16:40:00,388
2025-08-12 16:50:00,389
2025-08-12 17:00:00,390
2025-08-12 17:10:00,391
2025-08-12 17:20:00,392
2025-08-12 17:30:00,393
2025-08-12 17:40:00,394
2025-08-12 17:50:00,395
2025-08-12 18:00:00,396
2025-08-12 18:10:00,397
2025-08-12 18:20:00,398
2025-08-12 18:30:00,399
2025-08-12 18:40:00,400
2025-08-12 18:50:00,401
2025-08-12 19:00:00,402
2025-08-12 19:10:00,403
2025-08-12 19:20:00,404
2025-08-12 19:30:00,405
2025-08-12 19:40:00,406
2025-08-12 19:50:00,407
2025-08-12 20:00:00,408
2025-08-12 20:10:00,409
2025-08-12 20:20:00,410
2025-08-12 20:30:00,411
2025-08-12 20:40:00,412
2025-08-12 20:50:00,413
2025-08-12 21:00:00,414
2025-08-12 21:10:00,415
2025-08-12 21:20:00,416
2025-08-12 21:30:00,417
2025-08-12 21:40:00,418
2025-08-12 21:50:00,419
2025-08-12 22:00:00,420
2025-08-12 22:10:00,421
2025-08-12 22:20:00,422
2025-08-12 22:30:00,423
2025-08-12 22:40:00,424
2025-08-12 22:50:00,425
2025-08-12 23:00:00,426
2025-08-12 23:10:00,427
2025-08-12 23:20:00,428
2025-08-12 23:30:00,429
2025-08-12 23:40:00,430
2025-08-12 23:50:00,431
2025-08-13 00:00:00,432
2025-08-13 00:10:00,433
2025-08-13 00:20:00,434
2025-08-13 00:30:00,435
2025-08-13 00:40:00,436
2025-08-13 00:50:00,437
2025-08-13 01:00:00,438
2025-08-13 01:10:00,439
2025-08-13 01:20:00,440
2025-08-13 01:30:00,441
2025-08-13 01:40:00,442
2025-08-13 01:50:00,443
2025-08-13 02:00:00,444
2025-08-13 02:10:00,445
2025-08-13 02:20:00,446
2025-08-13 02:30:00,447
2025-08-13 02:40:00,448
2025-08-13 02:50:00,449
2025-08-13 03:00:00,450
2025-08-13 03:10:00,451
2025-08-13 03:20:00,452
2025-08-13 03:30:00,453
2025-08-13 03:40:00,454
2025-08-13 03:50:00,455
2025-08-13 04:00:00,456
2025-08-13 04:10:00,457
2025-08-13 04:20:00,458
2025-08-13 04:30:00,459
2025-08-13 04:40:00,460
2025-08-13 04:50:00,461
2025-08-13 05:00:00,462
2025-08-13 05:10:00,463
2025-08-13 05:20:00,464
2025-08-13 05:30:00,465
2025-08-13 05:40:00,466
2025-08-13 05:50:00,467
2025-08-13 06:00:00,468
2025-08-13 06:10:00,469
2025-08-13 06:20:00,470
2025-08-13 06:30:00,471
2025-08-13 06:40:00,472
2025-08-13 06:50:00,473
2025-08-13 07:00:00,474
2025-08-13 07:10:00,475
2025-08-13 07:20:00,476
2025-08-13 07:30:00,477
2025-08-13 07:40:00,478
2025-08-13 07:50:00,479
2025-08-13 08:00:00,480
2025-08-13 08:10:00,481
2025-08-13 08:20:00,482
2025-08-13 08:30:00,483
2025-08-13 08:40:00,484
2025-08-13 08:50:00,485
2025-08-13 09:00:00,486
2025-08-13 09:10:00,487
2025-08-13 09:20:00,488
2025-08-13 09:30:00,489
2025-08-13 09:40:00,490
2025-08-13 09:50:00,491
2025-08-13 10:00:00,492
2025-08-13 10:10:00,493
2025-08-13 10:20:00,494
2025-08-13 10:30:00,495
2025-08-13 10:40:00,496
2025-08-13 10:50:00,497
2025-08-13 11:00:00,498
2025-08-13 11:10:00,499
2025-08-13 11:20:00,500
2025-08-13 11:30:00,501
2025-08-13 11:40:00,502
2025-08-13 11:50:00,503
2025-08-13 12:00:00,504
2025-08-13 12:10:00,505
2025-08-13 12:20:00,506
2025-08-13 12:30:00,507
2025-08-13 12:40:00,508
2025-08-13 12:50:00,509
2025-08-13 13:00:00,510
2025-08-13 13:10:00,511
2025-08-13 13:20:00,512
2025-08-13 13:30:00,513
2025-08-13 13:40:00,514
2025-08-13 13:50:00,515
2025-08-13 14:00:00,516
2025-08-13 14:10:00,517
2025-08-13 14:20:00,518
2025-08-13 14:30:00,519
2025-08-13 14:40:00,520
2025-08-13 14:50:00,521
2025-08-13 15:00:00,522
2025-08-13 15:10:00,523
2025-08-13 15:20:00,524
2025-08-13 15:30:00,525
2025-08-13 15:40:00,526
2025-08-13 15:50:00,527
2025-08-13 16:00:00,528
2025-08-13 16:10:00,529
2025-08-13 16:20:00,530
2025-08-13 16:30:00,531
2025-08-13 16:40:00,532
2025-08-13 16:50:00,533
2025-08-13 17:00:00,534
2025-08-13 17:10:00,535
2025-08-13 17:20:00,536
2025-08-13 17:30:00,537
2025-08-13 17:40:00,538
2025-08-13 17:50:00,539
2025-08-13 18:00:00,540
2025-08-13 18:10:00,541
2025-08-13 18:20:00,542
2025-08-13 18:30:00,543
2025-08-13 18:40:00,544
2025-08-13 18:50:00,545
2025-08-13 19:00:00,546
2025-08-13 19:10:00,547
2025-08-13 19:20:00,548
2025-08-13 19:30:00,549
2025-08-13 19:40:00,550
2025-08-13 19:50:00,551
2025-08-13 20:00:00,552
2025-08-13 20:10:00,553
2025-08-13 20:20:00,554
2025-08-13 20:30:00,555
2025-08-13 20:40:00,556
2025-08-13 20:50:00,557
2025-08-13 21:00:00,558
2025-08-13 21:10:00,559
2025-08-13 21:20:00,560
2025-08-13 21:30:00,561
2025-08-13 21:40:00,562
2025-08-13 21:50:00,563
2025-08-13 22:00:00,564
2025-08-13 22:10:00,565
2025-08-13 22:20:00,566
2025-08-13 22:30:00,567
2025-08-13 22:40:00,568
2025-08-13 22:50:00,569
2025-08-13 23:00:00,570
2025-08-13 23:10:00,571
2025-08-13 23:20:00,572
2025-08-13 23:30:00,573
2025-08-13 23:40:00,574
2025-08-13 23:50:00,575
2025-08-14 00:00:00,576
2025-08-14 00:10:00,577
2025-08-14 00:20:00,578
2025-08-14 00:30:00,579
2025-08-14 00:40:00,580
2025-08-14 00:50:00,581
2025-08-14 01:00:00,582
2025-08-14 01:10:00,583
2025-08-14 01:20:00,584
2025-08-14 01:30:00,585
2025-08-14 01:40:00,586
2025-08-14 01:50:00,587
2025-08-14 02:00:00,588
2025-08-14 02:10:00,589
2025-08-14 02:20:00,590
2025-08-14 02:30:00,591
2025-08-14 02:40:00,592
2025-08-14 02:50:00,593
2025-08-14 03:00:00,594
2025-08-14 03:10:00,595
2025-08-14 03:20:00,596
2025-08-14 03:30:00,597
2025-08-14 03:40:00,598
2025-08-14 03:50:00,599
2025-08-14 04:00:00,600
2025-08-14 04:10:00,601
2025-08-14 04:20:00,602
2025-08-14 04:30:00,603
2025-08-14 04:40:00,604
2025-08-14 04:50:00,605
2025-08-14 05:00:00,606
2025-08-14 05:10:00,607
2025-08-14 05:20:00,608
2025-08-14 05:30:00,609
2025-08-14 05:40:00,610
2025-08-14 05:50:00,611
2025-08-14 06:00:00,612
2025-08-14 06:10:00,613
2025-08-14 06:20:00,614
2025-08-14 06:30:00,615
2025-08-14 06:40:00,616
2025-08-14 06:50:00,617
2025-08-14 07:00:00,618
2025-08-14 07:10:00,619
2025-08-14 07:20:00,620
2025-08-14 07:30:00,621
2025-08-14 07:40:00,622
2025-08-14 07:50:00,623
2025-08-14 08:00:00,624
2025-08-14 08:10:00,625
2025-08-14 08:20:00,626
2025-08-14 08:30:00,627
2025-08-14 08:40:00,628
2025-08-14 08:50:00,629
2025-08-14 09:00:00,630
2025-08-14 09:10:00,631
2025-08-14 09:20:00,632
2025-08-14 09:30:00,633
2025-08-14 09:40:00,634
2025-08-14 09:50:00,635
2025-08-14 10:00:00,636
2025-08-14 10:10:00,637
2025-08-14 10:20:00,638
2025-08-14 10:30:00,639
2025-08-14 10:40:00,640
2025-08-14 10:50:00,641
2025-08-14 11:00:00,642
2025-08-14 11:10:00,643
2025-08-14 11:20:00,644
2025-08-14 11:30:00,645
2025-08-14 11:40:00,646
2025-08-14 11:50:00,647
2025-08-14 12:00:00,648
2025-08-14 12:10:00,649
2025-08-14 12:20:00,650
2025-08-14 12:30:00,651
2025-08-14 12:40:00,652
2025-08-14 12:50:00,653
2025-08-14 13:00:00,654
2025-08-14 13:10:00,655
2025-08-14 13:20:00,656
2025-08-14 13:30:00,657
2025-08-14 13:40:00,658
2025-08-14 13:50:00,659
2025-08-14 14:00:00,660
2025-08-14 14:10:00,661
2025-08-14 14:20:00,662
2025-08-14 14:30:00,663
2025-08-14 14:40:00,664
2025-08-14 14:50:00,665
2025-08-14 15:00:00,666
2025-08-14 15:10:00,667
2025-08-14 15:20:00,668
2025-08-14 15:30:00,669
2025-08-14 15:40:00,670
2025-08-14 15:50:00,671
2025-08-14 16:00:00,672
2025-08-14 16:10:00,673
2025-08-14 16:20:00,674
2025-08-14 16:30:00,675
2025-08-14 16:40:00,676
2025-08-14 16:50:00,677
2025-08-14 17:00:00,678
2025-08-14 17:10:00,679
2025-08-14 17:20:00,680
2025-08-14 17:30:00,681
2025-08-14 17:40:00,682
2025-08-14 17:50:00,683
2025-08-14 18:00:00,684
2025-08-14 18:10:00,685
2025-08-14 18:20:00,686
2025-08-14 18:30:00,687
2025-08-14 18:40:00,688
2025-08-14 18:50:00,689
2025-08-14 19:00:00,690
2025-08-14 19:10:00,691
2025-08-14 19:20:00,692
2025-08-14 19:30:00,693
2025-08-14 19:40:00,694
2025-08-14 19:50:00,695
2025-08-14 20:00:00,696
2025-08-14 20:10:00,697
2025-08-14 20:20:00,698
2025-08-14 20:30:00,699
2025-08-14 20:40:00,700
2025-08-14 20:50:00,701
2025-08-14 21:00:00,702
2025-08-14 21:10:00,703
2025-08-14 21:20:00,704
2025-08-14 21:30:00,705
2025-08-14 21:40:00,706
2025-08-14 21:50:00,707
2025-08-14 22:00:00,708
2025-08-14 22:10:00,709
2025-08-14 22:20:00,710
2025-08-14 22:30:00,711
2025-08-14 22:40:00,712
2025-08-14 22:50:00,713
2025-08-14 23:00:00,714
2025-08-14 23:10:00,715
2025-08-14 23:20:00,716
2025-08-14 23:30:00,717
2025-08-14 23:40:00,718
2025-08-14 23:50:00,719
2025-08-15 00:00:00,720
2025-08-15 00:10:00,721
2025-08-15 00:20:00,722
2025-08-15 00:30:00,723
2025-08-15 00:40:00,724
2025-08-15 00:50:00,725
2025-08-15 01:00:00,726
2025-08-15 01:10:00,727
2025-08-15 01:20:00,728
2025-08-15 01:30:00,729
2025-08-15 01:40:00,730
2025-08-15 01:50:00,731
2025-08-15 02:00:00,732
2025-08-15 02:10:00,733
2025-08-15 02:20:00,734
2025-08-15 02:30:00,735
2025-08-15 02:40:00,736
2025-08-15 02:50:00,737
2025-08-15 03:00:00,738
2025-08-15 03:10:00,739
2025-08-15 03:20:00,740
2025-08-15 03:30:00,741
2025-08-15 03:40:00,742
2025-08-15 03:50:00,743
2025-08-15 04:00:00,744
2025-08-15 04:10:00,745
2025-08-15 04:20:00,746
2025-08-15 04:30:00,747
2025-08-15 04:40:00,748
2025-08-15 04:50:00,749
2025-08-15 05:00:00,750
2025-08-15 05:10:00,751
2025-08-15 05:20:00,752
2025-08-15 05:30:00,753
2025-08-15 05:40:00,754
2025-08-15 05:50:00,755
2025-08-15 06:00:00,756
2025-08-15 06:10:00,757
2025-08-15 06:20:00,758
2025-08-15 06:30:00,759
2025-08-15 06:40:00,760
2025-08-15 06:50:00,761
2025-08-15 07:00:00,762
2025-08-15 07:10:00,763
2025-08-15 07:20:00,764
2025-08-15 07:30:00,765
2025-08-15 07:40:00,766
2025-08-15 07:50:00,767
2025-08-15 08:00:00,768
2025-08-15 08:10:00,769
2025-08-15 08:20:00,770
2025-08-15 08:30:00,771
2025-08-15 08:40:00,772
2025-08-15 08:50:00,773
2025-08-15 09:00:00,774
2025-08-15 09:10:00,775
2025-08-15 09:20:00,776
2025-08-15 09:30:00,777
2025-08-15 09:40:00,778
2025-08-15 09:50:00,779
2025-08-15 10:00:00,780
2025-08-15 10:10:00,781
2025-08-15 10:20:00,782
2025-08-15 10:30:00,783
2025-08-15 10:40:00,784
2025-08-15 10:50:00,785
2025-08-15 11:00:00,786
2025-08-15 11:10:00,787
2025-08-15 11:20:00,788
2025-08-15 11:30:00,789
2025-08-15 11:40:00,790
2025-08-15 11:50:00,791
2025-08-15 12:00:00,792
2025-08-15 12:10:00,793
2025-08-15 12:20:00,794
2025-08-15 12:30:00,795
2025-08-15 12:40:00,796
2025-08-15 12:50:00,797
2025-08-15 13:00:00,798
2025-08-15 13:10:00,799
2025-08-15 13:20:00,800
2025-08-15 13:30:00,801
2025-08-15 13:40:00,802
2025-08-15 13:50:00,803
2025-08-15 14:00:00,804
2025-08-15 14:10:00,805
2025-08-15 14:20:00,806
2025-08-15 14:30:00,807
2025-08-15 14:40:00,808
2025-08-15 14:50:00,809
2025-08-15 15:00:00,810
2025-08-15 15:10:00,811
2025-08-15 15:20:00,812
2025-08-15 15:30:00,813
2025-08-15 15:40:00,814
2025-08-15 15:50:00,815
2025-08-15 16:00:00,816
2025-08-15 16:10:00,817
2025-08-15 16:20:00,818
2025-08-15 16:30:00,819
2025-08-15 16:40:00,820
2025-08-15 16:50:00,821
2025-08-15 17:00:00,822
2025-08-15 17:10:00,823
2025-08-15 17:20:00,824
2025-08-15 17:30:00,825
2025-08-15 17:40:00,826
2025-08-15 17:50:00,827
2025-08-15 18:00:00,828
2025-08-15 18:10:00,829
2025-08-15 18:20:00,830
2025-08-15 18:30:00,831
2025-08-15 18:40:00,832
2025-08-15 18:50:00,833
2025-08-15 19:00:00,834
2025-08-15 19:10:00,835
2025-08-15 19:20:00,836
2025-08-15 19:30:00,837
2025-08-15 19:40:00,838
2025-08-15 19:50:00,839
2025-08-15 20:00:00,840
2025-08-15 20:10:00,841
2025-08-15 20:20:00,842
2025-08-15 20:30:00,843
2025-08-15 20:40:00,844
2025-08-15 20:50:00,845
2025-08-15 21:00:00,846
2025-08-15 21:10:00,847
2025-08-15 21:20:00,848
2025-08-15 21:30:00,849
2025-08-15 21:40:00,850
2025-08-15 21:50:00,851
2025-08-15 22:00:00,852
2025-08-15 22:10:00,853
2025-08-15 22:20:00,854
2025-08-15 22:30:00,855
2025-08-15 22:40:00,856
2025-08-15 22:50:00,857
2025-08-15 23:00:00,858
2025-08-15 23:10:00,859
2025-08-15 23:20:00,860
2025-08-15 23:30:00,861
2025-08-15 23:40:00,862
2025-08-15 23:50:00,863
2025-08-16 00:00:00,864
2025-08-16 00:10:00,865
2025-08-16 00:20:00,866
2025-08-16 00:30:00,867
2025-08-16 00:40:00,868
2025-08-16 00:50:00,869
2025-08-16 01:00:00,870
2025-08-16 01:10:00,871
2025-08-16 01:20:00,872
2025-08-16 01:30:00,873
2025-08-16 01:40:00,874
2025-08-16 01:50:00,875
2025-08-16 02:00:00,876
2025-08-16 02:10:00,877
2025-08-16 02:20:00,878
2025-08-16 02:30:00,879
2025-08-16 02:40:00,880
2025-08-16 02:50:00,881
2025-08-16 03:00:00,882
2025-08-16 03:10:00,883
2025-08-16 03:20:00,884
2025-08-16 03:30:00,885
2025-08-16 03:40:00,886
2025-08-16 03:50:00,887
2025-08-16 04:00:00,888
2025-08-16 04:10:00,889
2025-08-16 04:20:00,890
2025-08-16 04:30:00,891
2025-08-16 04:40:00,892
2025-08-16 04:50:00,893
2025-08-16 05:00:00,894
2025-08-16 05:10:00,895
2025-08-16 05:20:00,896
2025-08-16 05:30:00,897
2025-08-16 05:40:00,898
2025-08-16 05:50:00,899
2025-08-16 06:00:00,900
2025-08-16 06:10:00,901
2025-08-16 06:20:00,902
2025-08-16 06:30:00,903
2025-08-16 06:40:00,904
2025-08-16 06:50:00,905
2025-08-16 07:00:00,906
2025-08-16 07:10:00,907
2025-08-16 07:20:00,908
2025-08-16 07:30:00,909
2025-08-16 07:40:00,910
2025-08-16 07:50:00,911
2025-08-16 08:00:00,912
2025-08-16 08:10:00,913
2025-08-16 08:20:00,914
2025-08-16 08:30:00,915
2025-08-16 08:40:00,916
2025-08-16 08:50:00,917
2025-08-16 09:00:00,918
2025-08-16 09:10:00,919
2025-08-16 09:20:00,920
2025-08-16 09:30:00,921
2025-08-16 09:40:00,922
2025-08-16 09:50:00,923
2025-08-16 10:00:00,924
2025-08-16 10:10:00,925
2025-08-16 10:20:00,926
2025-08-16 10:30:00,927
2025-08-16 10:40:00,928
2025-08-16 10:50:00,929
2025-08-16 11:00:00,930
2025-08-16 11:10:00,931
2025-08-16 11:20:00,932
2025-08-16 11:30:00,933
2025-08-16 11:40:00,934
2025-08-16 11:50:00,935
2025-08-16 12:00:00,936
2025-08-16 12:10:00,937
2025-08-16 12:20:00,938
2025-08-16 12:30:00,939
2025-08-16 12:40:00,940
2025-08-16 12:50:00,941
2025-08-16 13:00:00,942
2025-08-16 13:10:00,943
2025-08-16 13:20:00,944
2025-08-16 13:30:00,945
2025-08-16 13:40:00,946
2025-08-16 13:50:00,947
2025-08-16 14:00:00,948
2025-08-16 14:10:00,949
2025-08-16 14:20:00,950
2025-08-16 14:30:00,951
2025-08-16 14:40:00,952
2025-08-16 14:50:00,953
2025-08-16 15:00:00,954
2025-08-16 15:10:00,955
2025-08-16 15:20:00,956
2025-08-16 15:30:00,957
2025-08-16 15:40:00,958
2025-08-16 15:50:00,959
2025-08-16 16:00:00,960
2025-08-16 16:10:00,961
2025-08-16 16:20:00,962
2025-08-16 16:30:00,963
2025-08-16 16:40:00,964
2025-08-16 16:50:00,965
2025-08-16 17:00:00,966
2025-08-16 17:10:00,967
2025-08-16 17:20:00,968
2025-08-16 17:30:00,969
2025-08-16 17:40:00,970
2025-08-16 17:50:00,971
2025-08-16 18:00:00,972
2025-08-16 18:10:00,973
2025-08-16 18:20:00,974
2025-08-16 18:30:00,975
2025-08-16 18:40:00,976
2025-08-16 18:50:00,977
2025-08-16 19:00:00,978
2025-08-16 19:10:00,979
2025-08-16 19:20:00,980
2025-08-16 19:30:00,981
2025-08-16 19:40:00,982
2025-08-16 19:50:00,983
2025-08-16 20:00:00,984
2025-08-16 20:10:00,985
2025-08-16 20:20:00,986
2025-08-16 20:30:00,987
2025-08-16 20:40:00,988
2025-08-16 20:50:00,989
2025-08-16 21:00:00,990
2025-08-16 21:10:00,991
2025-08-16 21:20:00,992
2025-08-16 21:30:00,993
2025-08-16 21:40:00,994
2025-08-16 21:50:00,995
2025-08-16 22:00:00,996
2025-08-16 22:10:00,997
2025-08-16 22:20:00,998
2025-08-16 22:30:00,999
2025-08-16 22:40:00,1000
2025-08-16 22:50:00,1001
2025-08-16 23:00:00,1002
2025-08-16 23:10:00,1003
2025-08-16 23:20:00,1004
2025-08-16 23:30:00,1005
2025-08-16 23:40:00,1006
2025-08-16 23:50:00,1007
2025-08-17 00:00:00,1008
2025-08-17 00:10:00,1009
2025-08-17 00:20:00,1010
2025-08-17 00:30:00,1011
2025-08-17 00:40:00,1012
2025-08-17 00:50:00,1013
2025-08-17 01:00:00,1014
2025-08-17 01:10:00,1015
2025-08-17 01:20:00,1016
2025-08-17 01:30:00,1017
2025-08-17 01:40:00,1018
2025-08-17 01:50:00,1019
2025-08-17 02:00:00,1020
2025-08-17 02:10:00,1021
2025-08-17 02:20:00,1022
2025-08-17 02:30:00,1023
2025-08-17 02:40:00,1024
2025-08-17 02:50:00,1025
2025-08-17 03:00:00,1026
2025-08-17 03:10:00,1027
2025-08-17 03:20:00,1028
2025-08-17 03:30:00,1029
2025-08-17 03:40:00,1030
2025-08-17 03:50:00,1031
2025-08-17 04:00:00,1032
2025-08-17 04:10:00,1033
2025-08-17 04:20:00,1034
2025-08-17 04:30:00,1035
2025-08-17 04:40:00,1036
2025-08-17 04:50:00,1037
2025-08-17 05:00:00,1038
2025-08-17 05:10:00,1039
2025-08-17 05:20:00,1040
2025-08-17 05:30:00,1041
2025-08-17 05:40:00,1042
2025-08-17 05:50:00,1043
2025-08-17 06:00:00,1044
2025-08-17 06:10:00,1045
2025-08-17 06:20:00,1046
2025-08-17 06:30:00,1047
2025-08-17 06:40:00,1048
2025-08-17 06:50:00,1049
2025-08-17 07:00:00,1050
2025-08-17 07:10:00,1051
2025-08-17 07:20:00,1052
2025-08-17 07:30:00,1053
2025-08-17 07:40:00,1054
2025-08-17 07:50:00,1055
2025-08-17 08:00:00,1056
2025-08-17 08:10:00,1057
2025-08-17 08:20:00,1058
2025-08-17 08:30:00,1059
2025-08-17 08:40:00,1060
2025-08-17 08:50:00,1061
2025-08-17 09:00:00,1062
2025-08-17 09:10:00,1063
2025-08-17 09:20:00,1064
2025-08-17 09:30:00,1065
2025-08-17 09:40:00,1066
2025-08-17 09:50:00,1067
2025-08-17 10:00:00,1068
2025-08-17 10:10:00,1069
2025-08-17 10:20:00,1070
2025-08-17 10:30:00,1071
2025-08-17 10:40:00,1072
2025-08-17 10:50:00,1073
2025-08-17 11:00:00,1074
2025-08-17 11:10:00,1075
2025-08-17 11:20:00,1076
2025-08-17 11:30:00,1077
2025-08-17 11:40:00,1078
2025-08-17 11:50:00,1079
2025-08-17 12:00:00,1080
2025-08-17 12:10:00,1081
2025-08-17 12:20:00,1082
2025-08-17 12:30:00,1083
2025-08-17 12:40:00,1084
2025-08-17 12:50:00,1085
2025-08-17 13:00:00,1086
2025-08-17 13:10:00,1087
2025-08-17 13:20:00,1088
2025-08-17 13:30:00,1089
2025-08-17 13:40:00,1090
2025-08-17 13:50:00,1091
2025-08-17 14:00:00,1092
2025-08-17 14:10:00,1093
2025-08-17 14:20:00,1094
2025-08-17 14:30:00,1095
2025-08-17 14:40:00,1096
2025-08-17 14:50:00,1097
2025-08-17 15:00:00,1098
2025-08-17 15:10:00,1099
2025-08-17 15:20:00,1100
2025-08-17 15:30:00,1101
2025-08-17 15:40:00,1102
2025-08-17 15:50:00,1103
2025-08-17 16:00:00,1104
2025-08-17 16:10:00,1105
2025-08-17 16:20:00,1106
2025-08-17 16:30:00,1107
2025-08-17 16:40:00,1108
2025-08-17 16:50:00,1109
2025-08-17 17:00:00,1110
2025-08-17 17:10:00,1111
2025-08-17 17:20:00,1112
2025-08-17 17:30:00,1113
2025-08-17 17:40:00,1114
2025-08-17 17:50:00,1115
2025-08-17 18:00:00,1116
2025-08-17 18:10:00,1117
2025-08-17 18:20:00,1118
2025-08-17 18:30:00,1119
2025-08-17 18:40:00,1120
2025-08-17 18:50:00,1121
2025-08-17 19:00:00,1122
2025-08-17 19:10:00,1123
2025-08-17 19:20:00,1124
2025-08-17 19:30:00,1125
2025-08-17 19:40:00,1126
2025-08-17 19:50:00,1127
2025-08-17 20:00:00,1128
2025-08-17 20:10:00,1129
2025-08-17 20:20:00,1130
2025-08-17 20:30:00,1131
2025-08-17 20:40:00,1132
2025-08-17 20:50:00,1133
2025-08-17 21:00:00,1134
2025-08-17 21:10:00,1135
2025-08-17 21:20:00,1136
2025-08-17 21:30:00,1137
2025-08-17 21:40:00,1138
2025-08-17 21:50:00,1139
2025-08-17 22:00:00,1140
2025-08-17 22:10:00,1141
2025-08-17 22:20:00,1142
2025-08-17 22:30:00,1143
2025-08-17 22:40:00,1144
2025-08-17 22:50:00,1145
2025-08-17 23:00:00,1146
2025-08-17 23:10:00,1147
2025-08-17 23:20:00,1148
2025-08-17 23:30:00,1149
2025-08-17 23:40:00,1150
2025-08-17 23:50:00,1151
2025-08-18 00:00:00,1152
2025-08-18 00:10:00,1153
2025-08-18 00:20:00,1154
2025-08-18 00:30:00,1155
2025-08-18 00:40:00,1156
2025-08-18 00:50:00,1157
2025-08-18 01:00:00,1158
2025-08-18 01:10:00,1159
2025-08-18 01:20:00,1160
2025-08-18 01:30:00,1161
2025-08-18 01:40:00,1162
2025-08-18 01:50:00,1163
2025-08-18 02:00:00,1164
2025-08-18 02:10:00,1165
2025-08-18 02:20:00,1166
2025-08-18 02:30:00,1167
2025-08-18 02:40:00,1168
2025-08-18 02:50:00,1169
2025-08-18 03:00:00,1170
2025-08-18 03:10:00,1171
2025-08-18 03:20:00,1172
2025-08-18 03:30:00,1173
2025-08-18 03:40:00,1174
2025-08-18 03:50:00,1175
2025-08-18 04:00:00,1176
2025-08-18 04:10:00,1177
2025-08-18 04:20:00,1178
2025-08-18 04:30:00,1179
2025-08-18 04:40:00,1180
2025-08-18 04:50:00,1181
2025-08-18 05:00:00,1182
2025-08-18 05:10:00,1183
2025-08-18 05:20:00,1184
2025-08-18 05:30:00,1185
2025-08-18 05:40:00,1186
2025-08-18 05:50:00,1187
2025-08-18 06:00:00,1188
2025-08-18 06:10:00,1189
2025-08-18 06:20:00,1190
2025-08-18 06:30:00,1191
2025-08-18 06:40:00,1192
2025-08-18 06:50:00,1193
2025-08-18 07:00:00,1194
2025-08-18 07:10:00,1195
2025-08-18 07:20:00,1196
2025-08-18 07:30:00,1197
2025-08-18 07:40:00,1198
2025-08-18 07:50:00,1199
2025-08-18 08:00:00,1200
2025-08-18 08:10:00,1201
2025-08-18 08:20:00,1202
2025-08-18 08:30:00,1203
2025-08-18 08:40:00,1204
2025-08-18 08:50:00,1205
2025-08-18 09:00:00,1206
2025-08-18 09:10:00,1207
2025-08-18 09:20:00,1208
2025-08-18 09:30:00,1209
2025-08-18 09:40:00,1210
2025-08-18 09:50:00,1211
2025-08-18 10:00:00,1212
2025-08-18 10:10:00,1213
2025-08-18 10:20:00,1214
2025-08-18 10:30:00,1215
2025-08-18 10:40:00,1216
2025-08-18 10:50:00,1217
2025-08-18 11:00:00,1218
2025-08-18 11:10:00,1219
2025-08-18 11:20:00,1220
2025-08-18 11:30:00,1221
2025-08-18 11:40:00,1222
2025-08-18 11:50:00,1223
2025-08-18 12:00:00,1224
2025-08-18 12:10:00,1225
2025-08-18 12:20:00,1226
2025-08-18 12:30:00,1227
2025-08-18 12:40:00,1228
2025-08-18 12:50:00,1229
2025-08-18 13:00:00,1230
2025-08-18 13:10:00,1231
2025-08-18 13:20:00,1232
2025-08-18 13:30:00,1233
2025-08-18 13:40:00,1234
2025-08-18 13:50:00,1235
2025-08-18 14:00:00,1236
2025-08-18 14:10:00,1237
2025-08-18 14:20:00,1238
2025-08-18 14:30:00,1239
2025-08-18 14:40:00,1240
2025-08-18 14:50:00,1241
2025-08-18 15:00:00,1242
2025-08-18 15:10:00,1243
2025-08-18 15:20:00,1244
2025-08-18 15:30:00,1245
2025-08-18 15:40:00,1246
2025-08-18 15:50:00,1247
2025-08-18 16:00:00,1248
2025-08-18 16:10:00,1249
2025-08-18 16:20:00,1250
2025-08-18 16:30:00,1251
2025-08-18 16:40:00,1252
2025-08-18 16:50:00,1253
2025-08-18 17:00:00,1254
2025-08-18 17:10:00,1255
2025-08-18 17:20:00,1256
2025-08-18 17:30:00,1257
2025-08-18 17:40:00,1258
2025-08-18 17:50:00,1259
2025-08-18 18:00:00,1260
2025-08-18 18:10:00,1261
2025-08-18 18:20:00,1262
2025-08-18 18:30:00,1263
2025-08-18 18:40:00,1264
2025-08-18 18:50:00,1265
2025-08-18 19:00:00,1266
2025-08-18 19:10:00,1267
2025-08-18 19:20:00,1268
2025-08-18 19:30:00,1269
2025-08-18 19:40:00,1270
2025-08-18 19:50:00,1271
2025-08-18 20:00:00,1272
2025-08-18 20:10:00,1273
2025-08-18 20:20:00,1274
2025-08-18 20:30:00,1275
2025-08-18 20:40:00,1276
2025-08-18 20:50:00,1277
2025-08-18 21:00:00,1278
2025-08-18 21:10:00,1279
2025-08-18 21:20:00,1280
2025-08-18 21:30:00,1281
2025-08-18 21:40:00,1282
2025-08-18 21:50:00,1283
2025-08-18 22:00:00,1284
2025-08-18 22:10:00,1285
2025-08-18 22:20:00,1286
2025-08-18 22:30:00,1287
2025-08-18 22:40:00,1288
2025-08-18 22:50:00,1289
2025-08-18 23:00:00,1290
2025-08-18 23:10:00,1291
2025-08-18 23:20:00,1292
2025-08-18 23:30:00,1293
2025-08-18 23:40:00,1294
2025-08-18 23:50:00,1295
