id,datetime,dsar_f0-f1,dsar_f1-f2,dsar_f2-f3,dsar_f3-f4,rsam_f0,rsam_f1,rsam_f2,rsam_f3,rsam_f4
304,2025-05-31 00:00:00,29.66760096922089,15.163516235661808,2.1862068720795125,0.2797490842766678,0.751491567250352,0.60132683769156,0.3380306960862325,0.3244058300554671,1.96673625270075
304,2025-05-31 00:10:00,11.3943563611897,5.700632256794837,2.1808174211373017,0.2680178061825605,0.1041608388277258,0.5119810022536674,0.3142653501164895,0.3090727580529705,1.924638992389634
304,2025-05-31 00:20:00,7.086359168401403,5.233837369147552,2.2778846195879194,0.2667116829530513,0.0764259050017058,0.5057416475909061,0.3199855037895931,0.3059079738814153,1.910944663217586
304,2025-05-31 00:30:00,14.482708609236832,11.125252800765862,2.1475640112782712,0.2743668880661684,0.3511517300069922,0.552314172522995,0.3156000583542353,0.3111361304723659,1.9199940456594016
304,2025-05-31 00:40:00,2.581811679855869,39.55946484061957,2.288698567185262,0.2710703310225769,0.3721580327494736,0.8151018610548859,0.3289181985055707,0.3122798759109735,1.9269390062849017
304,2025-05-31 00:50:00,18.075204826020457,11.37415619012312,2.253393458305285,0.2656589621951306,0.3550999548368406,0.5304051619441185,0.3179664820067658,0.3055269547232044,1.9216532423397368
304,2025-05-31 01:00:00,10.520809812037214,22.401322221948536,2.254541383408717,0.2654774591194932,0.4295129159511438,0.6373802956750481,0.3177017433572103,0.3047570829601929,1.9253948833279404
304,2025-05-31 01:10:00,19.080290740252035,5.976049935986202,2.222620895236947,0.2685533287661782,0.1892678301574754,0.5057030135834768,0.3190776342928189,0.3091940188101104,1.9366499107474824
304,2025-05-31 01:20:00,4.910264908569067,10.808879635789712,2.2511061900563054,0.2683797012500335,0.1338411561851347,0.5519683249426232,0.3189483435970274,0.3102687949878384,1.92107459887864
304,2025-05-31 01:30:00,8.591196650564365,21.461999528726803,2.250027787549153,0.2748859958824252,0.3633029076497455,0.6190296760103797,0.327546185373012,0.3138632286437477,1.911626435991709
304,2025-05-31 01:40:00,9.814955669869722,20.82587940080682,2.249319839947202,0.2697724838946159,0.4071113427397921,0.614298230491596,0.3238010304953087,0.3129651390135043,1.9317905749543227
304,2025-05-31 01:50:00,14.675912384186717,12.95170690874308,2.257813012855732,0.264527582509881,0.3289840203007892,0.5674256143871725,0.31477226981425,0.3034644754394536,1.9127313305691167
304,2025-05-31 02:00:00,11.887643827959918,15.778433524424836,2.2509226268579146,0.2628075812395856,0.3615657704322381,0.5785467522118343,0.3133913457288466,0.3022993931402847,1.9067249088657965
304,2025-05-31 02:10:00,11.688418690625044,5.84311685744909,2.225931403828542,0.260379177338251,0.1046178054905806,0.5079244278206688,0.3100867024245642,0.2982866496057882,1.9167633848721208
304,2025-05-31 02:20:00,7.900916295569954,7.913450578551979,2.222737764435648,0.272111876154115,0.1354969623172004,0.5306662974423371,0.3176806988191116,0.3073056125299232,1.8999695019672864
304,2025-05-31 02:30:00,13.52192434021619,8.664177285731176,2.270969132949374,0.2668738928658016,0.2137523076785063,0.521384278555263,0.3198756599118137,0.3037269569708973,1.899252114318428
304,2025-05-31 02:40:00,9.324316095366497,5.790267079922706,2.1977899228756788,0.2725936784702593,0.0955760370282415,0.5137068823832944,0.3180383230645572,0.3068437537195641,1.8951649466363
304,2025-05-31 02:50:00,7.775426577957247,17.65808878611366,2.219596339751362,0.2850070720407568,0.2966657741429326,0.6049735375002657,0.329345147517932,0.3168984816942254,1.8762379630692816
304,2025-05-31 03:00:00,8.925172020612768,22.882367903161807,2.2578986130600125,0.2740055167148353,0.4301477107895293,0.6422432826311268,0.3224685457524433,0.3103299907185139,1.8879262518052708
304,2025-05-31 03:10:00,13.364657086859788,16.8812121753089,2.234921770009263,0.2716571259217413,0.3954049804857903,0.5878396238932649,0.3178396221855857,0.3094140089832287,1.8868974436136163
304,2025-05-31 03:20:00,7.92341264744586,22.364046242604967,2.2145440366315468,0.2830416086684534,0.3652679154219345,0.6558242167334191,0.3317453707326334,0.3262477004544825,1.900749871716633
304,2025-05-31 03:30:00,15.222390550596232,13.896721697439874,2.126550237598479,0.2813137488771851,0.3737503104025462,0.5553896481707059,0.3194554654227682,0.328342152015798,1.9095050919536136
304,2025-05-31 03:40:00,14.35010641895116,7.417861407612492,2.1851549220924755,0.2678860588879898,0.1865854523302843,0.5054661560807011,0.3098570544781469,0.3111528403051273,1.925011363213589
304,2025-05-31 03:50:00,20.45833029892041,7.537324259471604,1.6299196892531576,0.3576564892160369,0.2498245904740084,0.5131401871553003,0.3164299406927054,0.4299075868626776,1.921530802442442
304,2025-05-31 04:00:00,11.733766050927516,16.083657608328995,1.8470477369487144,0.4027320873988226,0.4654775085468897,0.6204816229471322,0.4438434106204837,0.4522235454187894,1.9070638978844103
304,2025-05-31 04:10:00,18.6722354649868,8.199841878672567,2.6395817464920244,0.283801156685349,0.2980286446960481,0.6267782371107374,0.3684835856681299,0.3264193335305268,1.890578501741932
304,2025-05-31 04:20:00,12.92742444586926,16.05415716003435,2.5178430267251484,0.2732497246165187,0.4514290723359916,0.7064981064671201,0.3442977460616068,0.3155691139767428,1.9092107486554248
304,2025-05-31 04:30:00,21.49542100914045,16.623690923415054,1.846359146782712,0.3769357613192854,0.7316839920213862,0.6035063031888245,0.4055555513750263,0.4295907528980753,1.9219710536231505
304,2025-05-31 04:40:00,21.445512087982195,10.777198354785368,2.258966219475726,0.3538962710838684,0.5176607347758817,0.6168138988376923,0.4254391182835461,0.3988744931868919,1.91612503707911
304,2025-05-31 04:50:00,18.5316338956205,16.20776833047148,1.3904177965989448,0.4840035994596242,0.6865208291782942,0.5948345914861563,0.4027545612291473,0.5413726349887934,1.916787762554876
304,2025-05-31 05:00:00,11.320911946683362,15.960730914833508,1.8650275703592785,0.4177464995881133,0.459457945031331,0.6247583008210795,0.4668757540180572,0.4587198774811706,1.9162632676653009
304,2025-05-31 05:10:00,11.31220040278558,8.983761787213856,2.624711717133017,0.3063495593101364,0.2411186156227147,0.6105872529079319,0.429131228471334,0.3342864025236681,1.8808930419078715
304,2025-05-31 05:20:00,28.934136543162243,6.534318221985924,1.7595414402712315,0.3602006604909126,0.3185166645282011,0.5044623722147226,0.3568479944806969,0.397107115627514,1.904917267003018
304,2025-05-31 05:30:00,15.431594590378449,10.25242470288415,2.071766116077165,0.2912304965054543,0.299801556418054,0.5256150790862015,0.3267881861378792,0.3314339860970449,1.924393073131708
304,2025-05-31 05:40:00,7.747361879225575,5.628260118631004,2.18772086748922,0.2753875563338125,0.0981467967574156,0.505340938314754,0.3173212093623883,0.3182080191384935,1.890388561472299
304,2025-05-31 05:50:00,7.370559954630457,5.115087914223348,2.074674679804517,0.2940986088970401,0.0825789185175063,0.4950688680349717,0.3309585873171695,0.3396563529887034,1.923623952024677
304,2025-05-31 06:00:00,6.138188230754781,6.617312167309718,2.113654303613101,0.2860253230901436,0.1058734873577838,0.5167367258131768,0.3297109026253029,0.3294922696615058,1.9414856394468647
304,2025-05-31 06:10:00,3.4356478745068366,35.792736666177376,2.250563173481922,0.2679664980447437,0.4107629488554156,0.7678267712779324,0.3226255406658596,0.3105492857942932,1.9417859400484256
304,2025-05-31 06:20:00,8.574978907086097,18.21259224195864,2.327858483299412,0.2813063962984196,0.3313205655470744,0.627026792467466,0.347681714093641,0.3218926888901738,1.9336051060835189
304,2025-05-31 06:30:00,14.433737378742304,11.859419776812846,2.2700610922124267,0.276761798734849,0.3368919067350786,0.5573228240795481,0.3373142986869932,0.3172251066296387,1.929451565145887
304,2025-05-31 06:40:00,17.777807397489784,8.241023346899729,2.192441698632716,0.271200773517813,0.2728150966516066,0.5055311630207823,0.3182313025319626,0.3131384452251009,1.921042033650276
304,2025-05-31 06:50:00,24.59794125667068,6.078169597429721,2.197861065815512,0.2742742405751578,0.2043327582693384,0.4992015440467428,0.3229244937324171,0.3147079718897761,1.9227318224500456
304,2025-05-31 07:00:00,11.586748950249554,18.80375300891459,2.3478536238553667,0.2620623193686012,0.3866065229322243,0.615366873899433,0.3278998508215353,0.3050506742993564,1.9321969525310567
304,2025-05-31 07:10:00,15.8001335000875,15.270162650196488,1.849366909218108,0.3320314948685882,0.3969816492266921,0.5801505548498141,0.3317149921763483,0.4143045072522686,1.946516343260048
304,2025-05-31 07:20:00,9.429340741704657,5.222810503042735,1.43728132673705,0.4202657325153227,0.0885230273180513,0.4982783744145,0.3249051680649158,0.515565422203318,1.9063057027195351
304,2025-05-31 07:30:00,10.854070072261765,14.11476568602378,2.0924762943751523,0.2872386539876633,0.3669080253881169,0.5759234167030631,0.3249312102429709,0.3431863730825177,1.9551712134089496
304,2025-05-31 07:40:00,12.354583882045851,12.89939921990062,2.078872735925504,0.2882416171612973,0.2791061332186282,0.5561780928185222,0.3239718078480126,0.3248455867136067,1.9047851267210647
304,2025-05-31 07:50:00,14.274300983550711,5.854979092730345,2.2662586073047013,0.274559935755485,0.1565418137413854,0.5086451684595208,0.3437897697913421,0.3098826985113342,1.914267703179488
304,2025-05-31 08:00:00,9.003363419681657,7.172794887554102,2.390104844344961,0.2673711553190841,0.154132329108274,0.5218437805216984,0.3399913472559571,0.3020211675231687,1.897255674056612
304,2025-05-31 08:10:00,1.0800679771621655,49.23408691790673,2.4305560919276448,0.2716245224877182,0.2851355700927867,0.9922611434307138,0.3445095641673896,0.3071309267882903,1.912381244117217
304,2025-05-31 08:20:00,1.4161760688001763,51.97671283241731,2.335626607821338,0.2700091368058953,0.3022825553455331,0.9873870741372864,0.3322969196991661,0.3060241109475164,1.902123428124444
304,2025-05-31 08:30:00,1.366853515109679,43.17068023581227,2.332499675765768,0.2755716547161911,0.1838325523712997,0.9384808515149566,0.338142203840538,0.3091442970323642,1.8939414154834395
304,2025-05-31 08:40:00,2.287357788192517,39.91531530036434,2.3936352803960474,0.2721020577100309,0.2087388223918407,0.9119175489935748,0.3411726683347455,0.3095449619565599,1.908644496517466
304,2025-05-31 08:50:00,3.3862954839557067,22.30531243431233,2.4500662189400804,0.2753751546131653,0.1606515185441636,0.7204611034017813,0.3607895939472867,0.3111799740144303,1.9042818116725584
304,2025-05-31 09:00:00,3.513379103074304,32.42610147436795,2.134891768367693,0.3018250022874408,0.2644431270897438,0.809471987530818,0.3522797375992158,0.3350610161990816,1.913814541905736
304,2025-05-31 09:10:00,8.06705854301545,26.351727470295376,2.108175784937899,0.3041949460943395,0.4378343229091935,0.7344457806086634,0.3391942531710526,0.342732598075313,1.8919577703106305
304,2025-05-31 09:20:00,14.900276791573695,17.979098222811903,2.184425364609332,0.2835202229418219,0.5750314123432458,0.6088762911160734,0.3397124455362911,0.3370380462991629,1.9558082326614683
304,2025-05-31 09:30:00,5.695592851355797,33.386218999699906,2.214678865943864,0.2787953479824835,0.4050339949358612,0.7730731409650861,0.3287036169431847,0.3194531469561329,1.9212676911729465
304,2025-05-31 09:40:00,7.618903623231144,25.28539441589216,2.2221326388960065,0.269276937211723,0.4274743342670631,0.673753301589494,0.3224549605040407,0.3098463761280945,1.9346787347508
304,2025-05-31 09:50:00,7.972659520970359,21.811278914826183,2.229415762372032,0.2747792223848839,0.338951721301889,0.6699321760441607,0.326657042883107,0.3107539133462196,1.920191303133725
304,2025-05-31 10:00:00,7.352964274787431,25.160769130846667,2.302161222166296,0.2696225978145761,0.3469667932866563,0.7607645208360505,0.3257671086621321,0.3051071466112418,1.9053315135935005
304,2025-05-31 10:10:00,5.437257967471994,25.988171361722603,2.280631433404908,0.2702553687245542,0.3434502423271973,0.7232512038461362,0.3255365869135487,0.3063167616258712,1.9177843621388464
304,2025-05-31 10:20:00,13.576769647716327,22.20539127957768,2.3208242823172283,0.2743500031875166,0.6481856202009886,0.6911531188888588,0.3350404437981223,0.311082128688207,1.9140909776344643
304,2025-05-31 10:30:00,16.545869982101603,16.227804045666154,2.259499478630783,0.2759381312480527,0.5414520656466245,0.6252869509363669,0.3286976987145391,0.309402265536532,1.9044420553668544
304,2025-05-31 10:40:00,4.313351535224366,29.393011119002555,2.289752502466305,0.2715246529784443,0.321200736366542,0.7438005517148839,0.3294304428054205,0.3089996939755118,1.9147487428490224
304,2025-05-31 10:50:00,4.021757676758816,32.109072997037785,2.333098574400996,0.2751929662482212,0.3166605630969605,0.7632606234297513,0.3339990844130821,0.3073532615985829,1.888985689543817
304,2025-05-31 11:00:00,8.108673203228323,20.99226261044593,2.255735966244332,0.2752794823421017,0.4051405143738243,0.6712449185238369,0.3323908862909391,0.3159898618896078,1.9239228598265523
304,2025-05-31 11:10:00,7.882334495369555,14.6534596072103,2.2094354417597057,0.2770117077743019,0.2086146751415795,0.5957669533709097,0.3240602596604193,0.3132229074272548,1.9105257226288688
304,2025-05-31 11:20:00,6.229676308801424,6.974456488487131,2.161876436916102,0.2669344739705644,0.098480343454061,0.5236522088404947,0.3099762920095057,0.3039929451854306,1.9295107802863325
304,2025-05-31 11:30:00,12.744034962860937,11.18849488276362,2.217257967715528,0.2673485054932036,0.2571686181865676,0.5602643635892873,0.3153622836459016,0.3042461604737262,1.91149767198635
304,2025-05-31 11:40:00,13.73549230246812,15.44973935863303,2.241384394196777,0.2647983948617338,0.4119916125686804,0.602586016449565,0.3190625764861599,0.3095074186277606,1.9493594351258687
304,2025-05-31 11:50:00,9.986345136998082,15.497459824317396,2.1383133944202086,0.2856771772022895,0.3227260501712382,0.6158009567253583,0.3258892830437058,0.3339957876336705,1.9246744921736083
304,2025-05-31 12:00:00,5.3847762563791015,39.515714665901285,2.190660571461557,0.2824769562470353,0.5211190059991562,0.843541355514554,0.3295834498702509,0.3328102126254613,1.9344697895775849
304,2025-05-31 12:10:00,8.33477385947011,35.0498274700447,2.157046181044592,0.2923847611254343,0.639050055074108,0.8343211440871718,0.3378335138298074,0.3372374493633661,1.9311689091667448
304,2025-05-31 12:20:00,6.0434985579693,19.027791801230745,2.471476629497778,0.2645165294926563,0.2404408763352921,0.6556861304988308,0.3425148979824563,0.3018507637092169,1.9114227433862208
304,2025-05-31 12:30:00,5.4946079860259935,23.82508145867996,2.3014866987474005,0.265366317569652,0.2661083126051865,0.677717183933262,0.3242597396687673,0.3037003580542869,1.9155462064176207
304,2025-05-31 12:40:00,8.198548686850788,14.266509948368435,2.2655628087969912,0.261178106213764,0.2395421939955066,0.6040071840456931,0.3158096613609971,0.2995330925207426,1.9365151589789853
304,2025-05-31 12:50:00,5.692958841992778,31.29501677031658,1.9428794216771728,0.3245061105371086,0.3825737149547322,0.7859768432754,0.333640777878346,0.3980078152785849,1.926519589490452
304,2025-05-31 13:00:00,4.96343071019869,21.52121223541972,2.2915272923338312,0.3716746622547948,0.3684302239043855,0.7855580279676149,0.4761329078991718,0.4079544714044519,1.9263329501474469
304,2025-05-31 13:10:00,3.783280993044588,27.153261799615297,2.503737764797992,0.3322558207267322,0.3473528317105216,0.8774621817937563,0.4458421752187223,0.3566399966807312,1.8904932989971963
304,2025-05-31 13:20:00,6.9517391049823765,25.6833776688736,1.4949803981849996,0.4137974845511266,0.4210706086698129,0.6834630243630919,0.3385224735190769,0.5065928123222648,1.925805281834763
304,2025-05-31 13:30:00,19.7087530058251,14.999486756765876,2.2894244458280326,0.2599600280696615,0.4826622927900657,0.5792406991774656,0.3202362764346386,0.3051063367141003,1.9636041690721708
304,2025-05-31 13:40:00,5.069782981526215,35.493170517702175,2.3317509752439736,0.2668099168003564,0.4645776795731308,0.7753708485602282,0.3271952955447809,0.3036054679781947,1.928242443971781
304,2025-05-31 13:50:00,4.732471845753061,39.0874138573212,2.35852785170231,0.2701342517916858,0.5132416131839292,0.8363464373353803,0.3353457944243361,0.3069810176122923,1.9185850994028768
304,2025-05-31 14:00:00,2.6372638100250083,39.96166879385772,2.485209500244405,0.266392148569486,0.3659479518230199,0.8712981090927531,0.3503412690414074,0.3053563578750938,1.9374473702372903
304,2025-05-31 14:10:00,6.849131682797547,25.12533087542224,2.076575937295805,0.3640813354289743,0.5039619587424682,0.7497658761273458,0.4470689224146199,0.4006743228750627,1.921872473518003
304,2025-05-31 14:20:00,5.356173658065911,20.70049912520409,1.909329149321992,0.3151228026610479,0.2484190916589551,0.6477114650432221,0.3259682682501982,0.3679404533311349,1.9433871829588631
304,2025-05-31 14:30:00,10.2592559283334,10.671202687848073,2.107038646120626,0.2854837616009996,0.1912960433200597,0.553433787459622,0.3198717700718705,0.3311985335325488,1.9032119199290216
304,2025-05-31 14:40:00,5.276187188448241,23.22821029831697,2.203120967531891,0.2790590290493859,0.3117314596365598,0.6717109827943488,0.3275945613106908,0.3187323523585942,1.9096766596951245
304,2025-05-31 14:50:00,6.0558307515567495,12.984349236515383,2.2244207972032526,0.268723132043593,0.205068362662614,0.5703170323747005,0.3160301169475992,0.3056428056912119,1.894627430524421
304,2025-05-31 15:00:00,3.784781557920231,14.221746528395222,2.2644432704165847,0.2677316808552963,0.1659817497224416,0.5925379542498995,0.3207189069471661,0.3038178557174719,1.9106285104452072
304,2025-05-31 15:10:00,3.5456712402873243,35.71185807804662,2.248473960074755,0.2811907405281623,0.299065095993819,0.8116904838145702,0.3326045429404441,0.3142798694901981,1.9008581943459253
304,2025-05-31 15:20:00,5.511424816344413,10.779523913776336,2.8545974576236524,0.40650436305158,0.234131804815173,0.8211820093730396,0.605162527817919,0.4501045398266455,1.9388495778249413
304,2025-05-31 15:30:00,4.886301943839075,8.13350362885614,2.1092019556578303,0.312106065423456,0.0994312595219185,0.5489109114897689,0.3515689148905816,0.3477344988764972,1.8832167043482184
304,2025-05-31 15:40:00,6.317410731447394,17.782141667961707,2.22385056556315,0.2721033841921895,0.1958932628578117,0.6271328394755401,0.3149405309294245,0.3040144861256751,1.8826606155111512
304,2025-05-31 15:50:00,5.81472320777063,8.3369564085348,2.1125116127320114,0.2839362123171516,0.1002535631951998,0.5350802764038612,0.3120045266754905,0.3247857471061481,1.869442653439783
304,2025-05-31 16:00:00,5.146760858286089,17.25114271732059,1.8478246608061,0.3361197407802082,0.1527886444756641,0.6297650247492435,0.3187187373480433,0.3918984096365104,1.8461153782709208
304,2025-05-31 16:10:00,9.329785125645058,5.356241182199655,1.849395090314849,0.4175063927555046,0.1018257525972115,0.6618590519669665,0.4129123653325051,0.4471603082529075,1.8573348200365416
304,2025-05-31 16:20:00,9.290326731632188,7.585109998272935,2.259520632121401,0.4045762573521801,0.1971405506104208,0.8860086016983403,0.5096176674354739,0.429753121868646,1.895450102154744
304,2025-05-31 16:30:00,9.53210986231287,5.577137826414743,2.7108386734522463,0.3120917430126683,0.139876498813999,0.6841814969814393,0.4422054192263396,0.3411882584984061,1.854358935754196
304,2025-05-31 16:40:00,7.3254591359382895,14.870427895054016,2.853207779513658,0.294431619442131,0.3148903175995842,0.7186600741121527,0.4140890414124182,0.3226237576010299,1.87047222262154
304,2025-05-31 16:50:00,6.320615227307922,23.879570604958577,2.5325943846376298,0.2848675263144575,0.456053595770131,0.8116189891280412,0.3630702975309012,0.309969844997459,1.8401010967515443
304,2025-05-31 17:00:00,7.568411741006424,11.842189000380582,2.294446581910869,0.2759032256639566,0.1750510058406172,0.5965408982899775,0.3269951260580693,0.3046498293570005,1.859436051598684
304,2025-05-31 17:10:00,4.7262641990188605,21.64102481613937,2.269803704454125,0.285968105049901,0.2481520137227894,0.6875598692909497,0.3355068966503017,0.3109472736769029,1.847125253963396
304,2025-05-31 17:20:00,4.5598562179356525,35.48441431189274,2.281989644093849,0.2892031563371268,0.3646764865014287,0.8907233166998597,0.3418922878280163,0.3155667905827425,1.8566152150758664
304,2025-05-31 17:30:00,5.268274306599359,35.91877750428249,2.358034062873952,0.284775768435524,0.3837487595046369,0.9303643117224882,0.3463756528580866,0.3167920942595758,1.878580712418276
304,2025-05-31 17:40:00,4.030065751941788,34.05868733029447,2.488306761423686,0.2860735056526055,0.3062729270167195,0.908610783958373,0.3612565040383149,0.3124872284336137,1.861911386926773
304,2025-05-31 17:50:00,4.352522725781959,30.928593937813385,2.6247500896060445,0.2917054184222157,0.3174845584000081,0.9150630169532764,0.381216546305725,0.3178585065429269,1.8576432369747984
304,2025-05-31 18:00:00,5.228843984068147,13.878921554955587,2.838537077765304,0.3014847260529841,0.220575902778749,0.6445882353968988,0.4118046345870721,0.322014495139439,1.8299456622471963
304,2025-05-31 18:10:00,9.90655740281178,22.588021170818585,2.7091093417826726,0.3107814935227504,0.6302453222024706,0.7519154134493947,0.42367331806944,0.3329318266561292,1.846974430192052
304,2025-05-31 18:20:00,9.00500031401996,18.14130730677071,2.709891564965777,0.3047774527804864,0.5081299480716241,0.6532910919237929,0.4212430994883042,0.3275456220233201,1.846009351723826
304,2025-05-31 18:30:00,6.997680024934739,19.65713155120132,2.64349353123586,0.3040912249846191,0.3812077099632038,0.7004586767547151,0.4189191106748261,0.3381238812053359,1.916173557183108
304,2025-05-31 18:40:00,7.077742289566489,11.85296913130014,2.7533035843131795,0.3974890397197276,0.3108679745048814,0.7658312097503727,0.5729082618472726,0.4475569100312492,1.901362962119812
304,2025-05-31 18:50:00,3.6078313485403934,20.29589388652996,3.7318573303986846,0.3102422065762291,0.3277182376233556,1.0009260225399583,0.5937052702943438,0.338896895136645,1.8761853176140144
304,2025-05-31 19:00:00,3.200559390096005,17.224151230457444,2.8357971742275536,0.4373902267216043,0.3140630658050649,0.8872357855652002,0.6618680744948262,0.4759817040382605,1.8811486899251848
304,2025-05-31 19:10:00,5.595768318510133,18.46135212020233,1.703923251215113,0.4434968644766475,0.261139281524171,0.6655907134545698,0.4320571303513291,0.516416970830947,1.8854418766566148
304,2025-05-31 19:20:00,6.163356459967944,19.899069532784544,2.462969844204844,0.2964860832543337,0.3673040914705043,0.6825421518651512,0.4217088265766452,0.3459759247010919,1.961429874991916
304,2025-05-31 19:30:00,9.058216464043408,20.05888281113857,1.6810147401641469,0.4306947462313968,0.4704893780921514,0.6687574035694016,0.4265566059978553,0.5194796778846196,1.9269984163768472
304,2025-05-31 19:40:00,5.050962844433901,25.604551539015286,2.4612149931726064,0.2973130753139075,0.3304962344001114,0.7395644234248127,0.4166477752327753,0.3295650856915125,1.924840370977381
304,2025-05-31 19:50:00,8.23904998425305,13.500504514726291,2.3533916921327447,0.3007794809604267,0.266710180583571,0.6199760102537588,0.4129926187587348,0.3320991028506316,1.9244032871770684
304,2025-05-31 20:00:00,8.181159463148257,17.101802219848828,2.322039774675516,0.3082294714526321,0.290290728808729,0.6479763914079104,0.4144327259507485,0.3310914665775659,1.884119264567833
304,2025-05-31 20:10:00,3.1840451362611386,31.492426574899625,2.186510592095991,0.3227935194414136,0.2320156316597621,0.849279327240761,0.4174557217097661,0.3450142958006801,1.9455250756356093
304,2025-05-31 20:20:00,6.562355022829336,22.79062671069192,1.8399055610491128,0.4416415310538412,0.4135867162136497,0.7530402083832995,0.51232309142042,0.4785869878151051,1.931559745571668
304,2025-05-31 20:30:00,4.42938570507278,19.98213172580562,2.6364724926785232,0.3813735221673496,0.4164420328997761,0.9604647425529478,0.5084882466404013,0.3815618991585038,1.846216335542164
304,2025-05-31 20:40:00,5.721801494373221,19.93787954718601,1.987141686347237,0.3930293450444246,0.3997739045590283,0.8894343893294359,0.428672098191356,0.4002718798481847,1.888136517650827
304,2025-05-31 20:50:00,10.611394124313229,18.65308814648403,2.478229128618052,0.3884306878152079,0.6526753826034879,0.8907541358490665,0.4891443400760799,0.3924282848419279,1.8454087368510568
304,2025-05-31 21:00:00,8.72035319901404,21.07628019392395,2.656608225150912,0.385204027796374,0.739475588621437,0.9688710898174586,0.5108619007180231,0.4001494777091696,1.887685698105564
304,2025-05-31 21:10:00,6.618115824286602,16.256225251957538,2.849732611329169,0.3765926846507115,0.4553989569195864,0.8861394423142502,0.5472171161961361,0.3917645574861129,1.8626603360024647
304,2025-05-31 21:20:00,12.859526282574713,8.631772595162772,2.946970485934955,0.3909457645259882,0.3803570057184383,0.7199877928404776,0.6408446358109264,0.4056211761170707,1.8757356553866564
304,2025-05-31 21:30:00,8.841843205590708,21.708406821407245,1.937479642472481,0.3769801026761094,0.4172479070298514,0.717297840272517,0.4033796210351504,0.4005367654474013,1.875292087877628
304,2025-05-31 21:40:00,5.527578909836978,15.084009967578645,2.4230147723707254,0.2755525651382226,0.1856453618266091,0.6282356219362083,0.3546612114255404,0.3095222365671462,1.8913339256703408
304,2025-05-31 21:50:00,6.972561734373811,12.019388694875852,2.157863538673464,0.3288434272554089,0.1897142325602291,0.5785635822863243,0.3869417879987623,0.3459885401942605,1.8417456480287755
304,2025-05-31 22:00:00,10.055849675010036,7.939072010234167,1.797520256414327,0.3393268601609871,0.1435436519691627,0.5234426976184613,0.3189526584825602,0.3875417598101452,1.8464493798176853
304,2025-05-31 22:10:00,6.115678072951682,6.43652461452575,2.128950322855317,0.2848281682299018,0.0945253171136882,0.5120802061372945,0.3127976648984978,0.3243223418288625,1.8497884879267183
304,2025-05-31 22:20:00,8.608941728163298,7.644797927694433,2.243436057106445,0.2704013670828507,0.1349807716577184,0.528470410119888,0.3153513491609626,0.3005855250695861,1.8681258064818191
304,2025-05-31 22:30:00,12.992879651072778,12.759185449584638,1.8566116091889504,0.3190304064699529,0.3042788829305476,0.5877030467205423,0.3271798626047332,0.3727799319855652,1.9610495115045108
304,2025-05-31 22:40:00,6.84510288204448,16.318012811661443,2.495790648745884,0.3285598145692427,0.3708561806043786,0.6955052268880464,0.4533337653530015,0.3672304365098925,1.906126108939861
304,2025-05-31 22:50:00,6.739636122449367,5.335318957314022,2.067619052100705,0.2772732659169536,0.0689307973455275,0.5011034279775667,0.3081765301897181,0.3195998110737206,1.9161492298936285
304,2025-05-31 23:00:00,2.779660260953024,43.00841397150199,2.2745809044371934,0.2768941921019284,0.4056482635730918,0.8936267345601628,0.3536031480528376,0.3223129906582703,1.95512522205067
304,2025-05-31 23:10:00,2.961018162552765,46.69105644137562,2.185860388779159,0.3045434305619213,0.4473181573148166,0.932029080210512,0.3552170320448937,0.3381504799985081,1.873556435105652
304,2025-05-31 23:20:00,4.308795458976332,33.03589305876794,2.194127764896167,0.2803646130427752,0.3663402138327251,0.7571054551938508,0.3279769600406324,0.3225069476882716,1.913391274296993
304,2025-05-31 23:30:00,8.16719666812132,18.8132475364532,2.284282579813575,0.267156854196927,0.2657529914260959,0.6375360724662514,0.3216996148444808,0.302563492128919,1.9040836774189915
304,2025-05-31 23:40:00,10.1270354292578,27.73850614571929,2.335241735875731,0.2703734877586501,0.5276667737283934,0.7522672174965249,0.3295004250753923,0.3035286359443284,1.8949932887555
304,2025-05-31 23:50:00,8.457224354485103,20.63648529288597,2.2767572899835056,0.2666052972002275,0.3914936605961985,0.6229272936573401,0.3183114097058463,0.3000185583221125,1.897192738398693
304,2025-06-01 00:00:00,29.581000431519,12.044278437348634,2.185203528406416,0.273453017932782,0.5747004564671794,0.553832930492402,0.3139886045670898,0.3042298194610325,1.8873317913638707
304,2025-06-01 00:10:00,7.771667308447798,19.44317403302467,2.241787263177923,0.2722492922818729,0.3117333714910217,0.652088107162598,0.324211365809847,0.3066326209529125,1.908532130065058
304,2025-06-01 00:20:00,14.990165892669742,17.35436503126022,2.272199739987475,0.2745488779191185,0.536207677663701,0.6417297975095122,0.3255553130432149,0.3091517005922766,1.898792923250348
304,2025-06-01 00:30:00,5.711720059604109,25.41076681659224,2.2897253941025184,0.2725236645961124,0.3793630748521469,0.7191457838808125,0.3304721104933829,0.3133460264512339,1.930575237833338
304,2025-06-01 00:40:00,6.221814225439387,28.663301392061136,2.307406754463624,0.2747798392963096,0.4687668697077226,0.7000308267518591,0.3343599453829471,0.3118792709797458,1.9104751881085744
304,2025-06-01 00:50:00,10.974927019853192,23.051330034260577,2.274753042659821,0.2693879551507936,0.5115381432609907,0.6408206491411282,0.3272146644800113,0.3118340926747827,1.9260143188962613
304,2025-06-01 01:00:00,18.084822557812963,14.353734947986682,2.2251496538554165,0.2791913613167502,0.457279864975895,0.5685565141830313,0.3240706052254871,0.3181510294520929,1.8816253561153968
304,2025-06-01 01:10:00,5.891532482970713,11.342008894273222,2.1988506181847023,0.2757516056716854,0.1581904550668249,0.5496613826161133,0.3201212668941212,0.3182157308066576,1.9114517396706192
304,2025-06-01 01:20:00,9.228584118778834,22.64428210720341,2.203876720025764,0.2764750022489997,0.4010739931509859,0.6506955946957714,0.3207458231663488,0.3187953645547079,1.9045541973527949
304,2025-06-01 01:30:00,7.023538173194448,27.62603321134856,2.2713213214401,0.2699173740816767,0.4108169946322306,0.6805779411319347,0.3217643754114286,0.3148117821501158,1.902793000164656
304,2025-06-01 01:40:00,6.91386647405928,18.06678726675968,2.093948585762218,0.2841936382055323,0.2739387662607914,0.5905786267462642,0.3168713258206972,0.3312374330921318,1.9084308606055256
304,2025-06-01 01:50:00,16.72291595370707,15.678346119300334,2.0759190479771,0.2961918688292181,0.5374110054240692,0.5596031509971969,0.3273455822164769,0.3394660315782017,1.8982110678330355
304,2025-06-01 02:00:00,15.287025525697787,9.343090611927764,2.316735828174634,0.273459447284038,0.2677732625670799,0.5192793822742674,0.3334046701688035,0.3082892230633478,1.884490663571653
304,2025-06-01 02:10:00,8.339583750452515,6.437307010889947,2.3074943073093346,0.270958697695787,0.1062348364113667,0.5240230837210592,0.3253202169402981,0.3063288747158109,1.890788043438684
304,2025-06-01 02:20:00,7.890332524787952,5.693206407304047,2.3780429681261515,0.2727241814877048,0.0995257428495037,0.5030517441541323,0.3428503428597482,0.3040972457728266,1.873850946738552
304,2025-06-01 02:30:00,6.383184464071834,7.339929391005664,2.3107086195385955,0.2707597698882207,0.1288070052299194,0.5222486749025612,0.3334397550296034,0.3059999766671354,1.90473243836404
304,2025-06-01 02:40:00,9.607030042821236,8.241397653192873,2.4037860586590085,0.2678160849753864,0.1932020012916493,0.5480809637250821,0.3328101876953305,0.3022866197913735,1.887413821732857
304,2025-06-01 02:50:00,9.238620122438176,21.565565091808782,2.3376624981612486,0.2740542484877858,0.4053921027065519,0.6386842912110046,0.3492017096025637,0.308272999033546,1.902685174829868
304,2025-06-01 03:00:00,16.84789954922457,11.990679523375803,2.0551083010236315,0.2960801182991503,0.3779029801844103,0.5276774852294037,0.3261831105299067,0.3290554512646532,1.8941366708990963
304,2025-06-01 03:10:00,13.4905807935777,15.824957301568102,2.438282514989598,0.2695188759879504,0.4900067714520018,0.5831851816754346,0.3514232220737239,0.3052848969891831,1.905774575851909
304,2025-06-01 03:20:00,12.599604054049806,19.30414328333641,2.4082464411812547,0.267527829097345,0.4402842749624503,0.6094627453900091,0.339553942581886,0.3029862490251065,1.889774842814426
304,2025-06-01 03:30:00,14.091497306981916,7.907733642595673,2.324949706901777,0.2631106939642076,0.2121864631981792,0.5121711783277069,0.3203470271740086,0.3015253530196571,1.9264366328704845
304,2025-06-01 03:40:00,8.29857965065938,5.947587276295439,2.4286394386208765,0.2655906550057611,0.1223007724909488,0.5112061170591102,0.3374275430595227,0.3014793284573758,1.9223090415940831
304,2025-06-01 03:50:00,7.348578951481863,10.11476661877699,1.4810347509316384,0.4579404362856415,0.1877032918333429,0.5537947674135012,0.4059836006491031,0.4986694193464874,1.8994511327031496
304,2025-06-01 04:00:00,12.692262589400867,9.189770192648233,2.864641570192035,0.2791606588427155,0.2814746859566596,0.629362903218756,0.4162924810453441,0.3104900648974368,1.8881392906093
304,2025-06-01 04:10:00,5.429048825601899,9.744047910332691,1.5920933473275756,0.4590869040970738,0.143064732275726,0.5785585347475698,0.4138155566808619,0.4852634398339255,1.872176368955789
304,2025-06-01 04:20:00,10.36368170982164,19.212288551530406,1.8417655250316165,0.3521859920059287,0.4421097104342408,0.6410650600501747,0.3596332432234467,0.4139429499627789,1.929004570785435
304,2025-06-01 04:30:00,31.76259433015465,11.846835212617291,2.0901476960053254,0.29161460168186,0.6052971782434613,0.5433082527367721,0.3255380214198715,0.3246237293451365,1.885828853851585
304,2025-06-01 04:40:00,33.43151206673547,14.699482288603573,2.15731155106767,0.2902044283868892,0.861645987298681,0.5837503420981802,0.3321210005214054,0.3349775972270293,1.916246834085944
304,2025-06-01 04:50:00,24.696539675157457,10.96549106931668,2.155414778574136,0.2786834313529762,0.4752536004373852,0.5310848071987305,0.3172017516136116,0.3274841018094139,1.9177002004772528
304,2025-06-01 05:00:00,13.17961955346908,16.449706610441343,2.204551556333562,0.2719930344547486,0.4208239798064127,0.5633809603222579,0.3177604006862756,0.3207998825355671,1.928326658344904
304,2025-06-01 05:10:00,30.3763865461947,8.110773967487097,2.2163489658296776,0.2675721432263405,0.3548100825582869,0.5067938623707332,0.3162014836048041,0.311704865846295,1.9312475095685409
304,2025-06-01 05:20:00,20.072071830609136,7.208441067455485,2.1331904837983315,0.3120326749555592,0.282240452215567,0.5445718220641155,0.35411660959255,0.3575105442416085,1.904394825246676
304,2025-06-01 05:30:00,11.457942987801603,7.478178047323952,1.825265719164204,0.3704425764157856,0.1920451626646566,0.5302229558931678,0.3685403624979723,0.4367180419455241,1.8979184088783765
304,2025-06-01 05:40:00,5.377992522251135,5.909589095431599,2.059797415901319,0.2859660306538279,0.0761416469518773,0.5059348838637749,0.3141974720119025,0.3299916347474461,1.9263915651536123
304,2025-06-01 05:50:00,7.2880857058441535,6.286552274022044,2.140348014721051,0.2813037778348319,0.1128250569271653,0.5054246148537669,0.3208612749306384,0.3275317927425719,1.923136528727892
304,2025-06-01 06:00:00,4.232927372299507,14.106882892178218,2.195054226540723,0.345154665208036,0.214128118613317,0.6447170337411109,0.4214952006703661,0.3929455849985867,1.9358806051684407
304,2025-06-01 06:10:00,5.80430706658053,24.471090535954737,1.6265875129393552,0.3813288082374963,0.3020122204769508,0.6675715580970961,0.3396390296581638,0.4740523490792395,1.9256812430922217
304,2025-06-01 06:20:00,6.570698159627712,19.353518551059217,1.887336751412304,0.3197326095492598,0.2809941664592256,0.6159489940362306,0.3249008526696788,0.3850610425574242,1.949939615777717
304,2025-06-01 06:30:00,14.541341872432556,10.184142216416262,1.460235371194847,0.4249802873271507,0.287485767593603,0.5337256414662924,0.3555689530371872,0.4917929540131069,1.9312059867455305
304,2025-06-01 06:40:00,18.799765124508205,7.861107758817522,2.1727892219384923,0.2820415453995317,0.2812763706171906,0.5109638664727921,0.3239185253807288,0.336840369976735,1.9103920481344745
304,2025-06-01 06:50:00,6.82727903172263,5.405745361743569,2.248468021784667,0.2678350102090615,0.0884972315867332,0.4979020404303019,0.3211589062788409,0.3054154299977434,1.9136326411164213
304,2025-06-01 07:00:00,6.967029101358693,6.595905031711276,2.26207041328964,0.2660108555941546,0.1066000665118993,0.5161632235137565,0.3158353219209573,0.3013156109938052,1.911956554707946
304,2025-06-01 07:10:00,7.515629175592626,10.304546750621313,2.267917335530432,0.2650362724640981,0.1842672745162974,0.5594697350753288,0.3176176495308009,0.3020150863160449,1.9158823063390524
304,2025-06-01 07:20:00,9.517993372136411,22.42042441122628,2.285831463426138,0.2752944135549158,0.4675948505779304,0.7029591180325265,0.3302858927446546,0.3115940780106415,1.916692213064044
304,2025-06-01 07:30:00,12.056685948222931,18.29137772817401,2.2802786797952903,0.2672206601734574,0.4952917273407524,0.6048705347065207,0.3251694487687231,0.3071291762863484,1.9268442829347543
304,2025-06-01 07:40:00,8.938311273678604,9.565465229841822,2.2210290803151698,0.2705027623981547,0.1765151371242672,0.5395060367432807,0.3136256439366892,0.3029914573456834,1.8849026451550035
304,2025-06-01 07:50:00,15.672483161742033,7.376802816188725,2.231165823372516,0.2716597333398846,0.2238839464490873,0.5198366257416989,0.3245222539310322,0.3090436510825328,1.909306247222233
304,2025-06-01 08:00:00,2.089547161890045,24.368182853441347,2.2775408532090164,0.2780003697842324,0.1815572020185792,0.6975209536922014,0.3313275029200832,0.312849514573004,1.8921184649894764
304,2025-06-01 08:10:00,1.92446618900472,27.09451536759906,2.2369997232491707,0.2779321077848146,0.1836097447593636,0.7319669841713035,0.3282623692204455,0.3135632664525907,1.9074904609476784
304,2025-06-01 08:20:00,7.104782085715362,5.276043190741095,2.151950151473065,0.2779735414516693,0.0730942891263251,0.5094750013687727,0.3162212951240854,0.3098337517737836,1.89372147485698
304,2025-06-01 08:30:00,6.724736060281941,5.616945533467067,2.1699169332148527,0.2742972554065117,0.0773647214117113,0.5175752034682302,0.3165236788295143,0.3106248283014993,1.910314563150345
304,2025-06-01 08:40:00,6.644168873322342,5.440303315296788,2.2075811087320627,0.2688170677949688,0.0778455654859889,0.5191282283965192,0.3089343238972273,0.3023166116948869,1.884464198011536
304,2025-06-01 08:50:00,6.251122107174589,5.70485170420541,2.205881546009123,0.2692499134328122,0.0786673703589256,0.5202971148501832,0.3140977347203691,0.3053139638809323,1.898589377378672
304,2025-06-01 09:00:00,3.782604488625304,27.73221116068856,2.277380271457338,0.2773349172180967,0.2239610604956021,0.7426473779611054,0.3302408061607775,0.3098247261637141,1.8837478260841063
304,2025-06-01 09:10:00,9.130710403126312,10.482401430676063,2.212779996024254,0.2730920610742486,0.1974496115552193,0.5485127985357595,0.3150395726762771,0.3050555292011382,1.8777274663343115
304,2025-06-01 09:20:00,7.824613217283911,25.074410666121207,2.286739093166533,0.2700341237511922,0.4392435988178118,0.6693355841634961,0.3214112650403081,0.3035999976894376,1.88303340226906
304,2025-06-01 09:30:00,5.582653960534591,16.32543942975569,2.1754432714690464,0.2714600758670411,0.171444042011763,0.6016744866021324,0.3092516769414918,0.3066381065902643,1.8829594105007632
304,2025-06-01 09:40:00,5.505706206977799,19.9814293366237,2.199892588801517,0.2770084816711408,0.2252050686091531,0.6483219253607874,0.318243530191077,0.3140732177449763,1.8914589437123528
304,2025-06-01 09:50:00,9.42232559860508,7.88885262573462,2.1202988561746903,0.2796445349942948,0.1547979260044876,0.5312154079264932,0.3167267732688971,0.3316985833584234,1.9496278724446177
304,2025-06-01 10:00:00,5.763527775192175,14.505122891962584,1.9946096851392687,0.3070892476842025,0.2237362896364034,0.6170505387889074,0.3215723963475234,0.3657108916005923,1.9141789997594043
304,2025-06-01 10:10:00,9.601412011357612,15.435743218085804,1.8693461343975524,0.3181208892448612,0.2968351236704001,0.6078663118602843,0.3168938331212704,0.3890476791797119,1.9365752406139105
304,2025-06-01 10:20:00,18.28424100140245,9.829735418460126,1.761290209155092,0.5110535675790975,0.4475469461604691,0.6493036318785569,0.5305686367530043,0.5487311522184323,1.8699482043998663
304,2025-06-01 10:30:00,12.709480349086954,16.077137781513233,1.4584645643704606,0.4124585950699519,0.4883595831398626,0.6032589231624279,0.3266121108200005,0.5263322029114219,1.9271668686384849
304,2025-06-01 10:40:00,4.134615293386508,39.01867743944869,1.1667238557628383,0.5544755311194395,0.346974655569084,0.8503342110179142,0.3534201930764059,0.6702250264568724,1.880968416089169
304,2025-06-01 10:50:00,7.128499348107519,25.257857870703923,1.713080807730631,0.3600385142061695,0.3678663039171265,0.6865769338780994,0.3356492541494003,0.4008783196401465,1.938277021442758
304,2025-06-01 11:00:00,8.045930938863671,23.196221786963505,1.7446295975425337,0.3670386427696242,0.3562012109087345,0.6726389954467829,0.3541751260868345,0.392294092052207,1.9252713756696485
304,2025-06-01 11:10:00,6.639045807447772,11.2289279075517,1.732568224256534,0.375497761813881,0.1561427768636851,0.5714799453561752,0.364379697314121,0.3865457240389278,1.8695101591777108
304,2025-06-01 11:20:00,6.132687765742148,15.253486329468313,1.8783144193999683,0.3633614323947572,0.1791350220122838,0.6226426414115055,0.3903502307335171,0.3669681859954692,1.846156148869216
304,2025-06-01 11:30:00,6.880299403956258,6.436762289991557,2.1274177597527064,0.3221727783912445,0.1323442333181326,0.5251135281467886,0.3951487787250469,0.3367842497218883,1.8432661050663308
304,2025-06-01 11:40:00,8.617971389323248,8.393389871685978,2.386664064755715,0.298156768506057,0.1681534762970756,0.5484379437117548,0.4042618746134221,0.326208643162072,1.861781147610207
304,2025-06-01 11:50:00,10.751261924582233,12.889178550446411,2.484353798034342,0.2933967494333935,0.3416426690873272,0.5960896734400756,0.4107679049704353,0.3276632340452733,1.866444450812324
304,2025-06-01 12:00:00,4.212793522141724,37.77188383278893,2.588474127514062,0.3000773442564906,0.5383866002996679,0.9006880926576805,0.4209366939043505,0.3309790566488262,1.8548717315752627
304,2025-06-01 12:10:00,8.680782376142119,23.788225416786755,2.8078816474260733,0.2969862279159638,0.5428474558529478,0.786717914410256,0.4285094339619009,0.326071464462675,1.8722318693910869
304,2025-06-01 12:20:00,8.046868573870226,22.259194709473704,2.793674051351169,0.303452685994657,0.4931636011310638,0.7449901235998997,0.4149620228091011,0.3247467141351465,1.841578127889265
304,2025-06-01 12:30:00,10.682429743754223,5.688127676984312,2.8123887396056646,0.2815939570778986,0.133779541373586,0.5392462112867529,0.3899688253953896,0.3119454986461803,1.8745396762705973
304,2025-06-01 12:40:00,7.263896055180295,5.327178021888011,2.7312533075803884,0.2824415549278772,0.1078837719942184,0.5519576206171519,0.3670902248090995,0.3041593221183031,1.8224299850341528
304,2025-06-01 12:50:00,1.6539496101054394,43.63397861317699,2.532689124114764,0.2797233687753429,0.3192747196306856,0.9656699913650388,0.361983278755517,0.3108434166669239,1.8772826925299944
304,2025-06-01 13:00:00,1.8579876424474864,40.916621967825165,2.428554984960724,0.2802553373125143,0.2825730242564446,0.9183638274304418,0.3431804190035953,0.3055940987667944,1.841360582138552
304,2025-06-01 13:10:00,10.3829108562254,8.791489655105867,2.3254156304603955,0.2736986269109175,0.1680590110160765,0.5671494716269607,0.3214643538626742,0.3000367946414394,1.83955450297844
304,2025-06-01 13:20:00,8.77969418851296,20.86738723338713,2.304505146818076,0.2724684576162404,0.3634909247066989,0.6545532912640348,0.322578475594411,0.3021745688870493,1.854604946068684
304,2025-06-01 13:30:00,8.902110861861496,21.625680420603366,2.25455033274215,0.2768486454534363,0.3213648403257487,0.6397291493138013,0.3156410625114908,0.2993736991012953,1.8248805658548688
304,2025-06-01 13:40:00,7.369528193914723,16.010629182310414,2.251871216318757,0.2750664374888946,0.2734431547268965,0.6288719848399447,0.3194421611008218,0.3013550704140668,1.849242660373832
304,2025-06-01 13:50:00,13.05864290470715,11.638244817725578,2.393858435529151,0.2721789606704251,0.3409330607831068,0.6294489277083186,0.3331531889591521,0.2997886703855805,1.8562668017963733
304,2025-06-01 14:00:00,6.868423473637396,29.053477903011743,2.47122101404622,0.2831734527546022,0.4977197143539908,0.7654466429837986,0.348905400047082,0.3050774061553608,1.835403233699341
304,2025-06-01 14:10:00,9.260349959748025,15.965371623062763,2.7185725446774245,0.2772368811050267,0.3458092730959189,0.6441741998909405,0.3717923564068554,0.3061963175103094,1.8660552833322137
304,2025-06-01 14:20:00,8.501426718507373,7.57773263829548,2.7867434790069057,0.2845826010565378,0.1499478849418936,0.5670614568646628,0.3801918070200099,0.3052051701692652,1.827741050149571
304,2025-06-01 14:30:00,5.491593020071408,14.62744239169026,2.8648834755395733,0.2930863377651134,0.2999429940606575,0.644196407160682,0.4138521366178398,0.3179902649549188,1.862842886187359
304,2025-06-01 14:40:00,8.481174953317689,15.484240349174238,2.787230405042225,0.3003428394546642,0.3350566886372505,0.6507422740441859,0.4211937012131795,0.3235706319398039,1.84377771531036
304,2025-06-01 14:50:00,6.448232327357895,16.277720907400408,2.664548113815884,0.2984488384806338,0.263040282009138,0.6603165267691428,0.4141970156352554,0.3260646731072795,1.8589060654294045
304,2025-06-01 15:00:00,2.99309153943628,15.873013658548658,2.6331481802891394,0.299512788167652,0.1977070004641572,0.6545685371626473,0.416306026772641,0.3243468570529915,1.8426988283423429
304,2025-06-01 15:10:00,4.041126888216001,29.951796735073824,2.5660060985976,0.2957895121703752,0.3439217504554113,0.806648708625469,0.4187020136741564,0.3284658677292994,1.8688998314977283
304,2025-06-01 15:20:00,8.772437186434974,8.202060684510032,2.473905764525843,0.2973338046979983,0.1484574884848222,0.5427020052857562,0.4097696154738812,0.3262678832133832,1.8542088293946424
304,2025-06-01 15:30:00,3.95038547812081,16.44882188733834,2.486349997958436,0.291294835660673,0.1642880009943756,0.6586229815291428,0.4116817586930337,0.3307648166467763,1.909809829221686
304,2025-06-01 15:40:00,7.872372933793401,8.158921960186834,1.4330632414032038,0.5951719817909094,0.1614829705171642,0.6132393538991437,0.5111657301109928,0.6654166057279571,1.868096126115324
304,2025-06-01 15:50:00,5.218233355634406,4.471357480961655,1.99128325033146,0.3670494413021217,0.0622018206045273,0.5227478001616553,0.4292637885396613,0.3841076209696672,1.883259462418156
304,2025-06-01 16:00:00,6.088543576220979,4.840053578927739,1.9078390329944683,0.3569291696571939,0.0763666912396428,0.5179251566350844,0.3968736183137105,0.3608146188141705,1.8654025942097268
304,2025-06-01 16:10:00,3.6531567201285737,25.5419828109612,1.915388632736701,0.3528802985109557,0.1901745510880835,0.748549766392322,0.3902842395814032,0.3576731119470001,1.863133535240263
304,2025-06-01 16:20:00,4.625519467264225,20.253805760437075,1.8165805360867309,0.3651329912569963,0.1800840247452686,0.6749401145616191,0.3737125840628447,0.367463961574534,1.8554861783231231
304,2025-06-01 16:30:00,5.625312247840759,13.7186591706278,1.6928523703919856,0.3738309290130038,0.1858960960600998,0.5887557868395837,0.3552741788606279,0.3877414546003585,1.8797692371685328
304,2025-06-01 16:40:00,3.8356159120195934,40.53600030033918,1.7442942297032484,0.3809422826656294,0.5298969083516161,0.8189377542684135,0.3550963741154956,0.3930970482061911,1.8350414484337152
304,2025-06-01 16:50:00,24.427081799350454,14.035637319594333,1.5973726781618969,0.3763448539153635,0.5433407159076555,0.5704030692273884,0.3369619356241342,0.438377681625562,1.9601867884869884
304,2025-06-01 17:00:00,7.819241135000791,7.495735641496462,1.0842088787679636,0.5856426865794627,0.1463714452824789,0.5340873075305513,0.3578086770231113,0.7223069859222503,1.9039733669536707
304,2025-06-01 17:10:00,3.428868651691302,17.281733103611284,2.161161480678284,0.5611756495004626,0.2281299570212549,0.8165614578076517,0.7171621660906405,0.5680650740319206,1.8430497315242016
304,2025-06-01 17:20:00,4.666352300385734,13.295551260150315,3.865163666482788,0.3735035431206562,0.2589088700227341,0.8196282369887735,0.7651709116215333,0.4097745949367072,1.876701956778957
304,2025-06-01 17:30:00,4.014438777607171,29.257118316322373,2.5008007401433794,0.3636273367945691,0.3485426876892656,1.1029772659043575,0.4322655980890678,0.3990686896080383,1.8322830959883305
304,2025-06-01 17:40:00,3.2849083098639267,20.20487945119836,3.671419468767141,0.3770179137754507,0.3163187015991501,1.0272628080216175,0.700903259375948,0.4197998864339965,1.880679635875908
304,2025-06-01 17:50:00,5.811357175084459,15.981003925899678,2.654341526301983,0.4259069183699018,0.3225809829291117,0.9020402303466328,0.5606810359520378,0.4598897292099,1.8405617871956848
304,2025-06-01 18:00:00,9.991708550626022,21.19289256843696,1.1468589387952002,0.6618737261001179,0.549912167630725,0.7086323502204527,0.4693265245143324,0.7405094373681397,1.887727551005152
304,2025-06-01 18:10:00,13.150037923488677,19.2755415702472,1.7694280276433554,0.3441541991011093,0.5826794396064593,0.6134684017421105,0.3301571502062055,0.4279214427495929,1.958231269966496
304,2025-06-01 18:20:00,12.987455883897567,19.94585207258348,1.4865192316871982,0.4049775884925422,0.4874087745129173,0.6188714118261592,0.3252146246993249,0.5191376147101923,1.9321800753805023
304,2025-06-01 18:30:00,15.395693858955728,9.728150562692948,1.87067054222354,0.3222207644687695,0.2767918983435918,0.5385612781479451,0.3189128177819819,0.3848789126115463,1.928732283857158
304,2025-06-01 18:40:00,10.621205790615326,15.296755715422943,1.9003463529113884,0.3116444607732055,0.3049278977661245,0.5906355332283696,0.3170224285744699,0.3816863993534309,1.951360307748992
304,2025-06-01 18:50:00,8.554953810039263,19.891866498127893,1.508639510073006,0.5450877662061225,0.3953692519327579,0.7940740469136435,0.4977685260321947,0.5903006898763432,1.9033498809420124
304,2025-06-01 19:00:00,4.795228677379003,18.97810923581165,1.4421846769425262,0.5964264535739343,0.2579321708795132,0.7316436884436806,0.4797034635939362,0.6893002426075713,1.8834750366306008
304,2025-06-01 19:10:00,6.261016935837074,15.117550276759191,2.0011854922655097,0.4929902324961366,0.3302718051806783,0.7763980434512646,0.5560673562317269,0.5416976367683101,1.9107130356675377
304,2025-06-01 19:20:00,8.80631481672552,16.9112149103025,2.1280997720652404,0.3870627270924496,0.4004620066249344,0.7411330837205087,0.4339794587094771,0.4863886655256721,1.9202833795871423
304,2025-06-01 19:30:00,16.24469911345119,10.27200613476521,2.000329758446564,0.302104746179282,0.2687566367549739,0.547669134694385,0.3195341049550912,0.3602089196214251,1.9256967593223044
304,2025-06-01 19:40:00,5.201463133678275,5.204053379431551,2.069299678833888,0.2927680873526189,0.0644330037249726,0.508056205370126,0.3232950063187456,0.3501790308010358,1.9118523748856453
304,2025-06-01 19:50:00,7.664403576738739,12.48866160864338,2.2140204399850982,0.2972347028172503,0.2021713945288015,0.6439228459353449,0.3398879852626893,0.3427409982067225,1.8780211347597924
304,2025-06-01 20:00:00,7.01093653507364,8.141051109662238,2.1364757413737934,0.2882464681327302,0.1181294015045865,0.5417009527842929,0.3235553109057948,0.3341126091813863,1.88886662558492
304,2025-06-01 20:10:00,7.234307864346071,5.364358357372975,2.163833204478267,0.2809555563774813,0.0785517748848,0.518855543512418,0.3215078914329353,0.3252754683208887,1.911545338608176
304,2025-06-01 20:20:00,6.692999566435503,5.406133445418718,2.1314996427655943,0.2886860905189788,0.0729829429675119,0.5132512615149735,0.3251118021913821,0.3239868004144176,1.873207225276636
304,2025-06-01 20:30:00,6.560474891849252,5.3074419689273125,2.1828225659495484,0.2788197596080737,0.0733759570145091,0.5077838891025609,0.3201042282992393,0.313392424800311,1.8852130000715177
304,2025-06-01 20:40:00,7.059314378786612,5.125310137668997,2.208829073247833,0.2737797895373693,0.0731712092559183,0.5009288354125621,0.3203005722307775,0.3102509815843111,1.896616178895722
304,2025-06-01 20:50:00,6.4416615345682455,5.215059166770301,2.265527114371796,0.2735274427758661,0.0757042430828798,0.5089747525622723,0.3213205325649296,0.3049286919494965,1.866697140866812
304,2025-06-01 21:00:00,8.576973710711819,25.636138820493624,2.2452477830079336,0.2749639417313165,0.525464769619924,0.6723251661975588,0.3254147975208418,0.3106267842843669,1.9027285667500544
304,2025-06-01 21:10:00,11.474000716486737,18.393294826033163,2.31512135057301,0.2649258626509562,0.3841370026050283,0.6049922070417616,0.323030669003704,0.3026103526874692,1.914844333320865
304,2025-06-01 21:20:00,22.740968082983528,11.942121326779883,2.221218536965125,0.273089873037923,0.4523224222056298,0.5489157492134087,0.3175277924679027,0.3040125410165234,1.881527691630791
304,2025-06-01 21:30:00,8.934148840245346,20.102058260242845,2.220545985022444,0.2827627184876912,0.3440966532975041,0.6360117273048174,0.3291876744197146,0.3128635461321197,1.879981799964675
304,2025-06-01 21:40:00,8.28088675320757,8.919736038215337,2.227720917560061,0.27336635287143,0.1293283359309512,0.540491324804748,0.3234895852976486,0.3105585236107959,1.9131048736191605
304,2025-06-01 21:50:00,8.889975384502758,9.93385592654264,2.239849153588656,0.2711889644300288,0.1536444061428683,0.55007039582189,0.3180087539295519,0.3018183137446975,1.8803167756012125
304,2025-06-01 22:00:00,5.828793856016638,5.266642221594055,2.2224893000917043,0.272067419511275,0.0627273311017714,0.5024002864615684,0.3152856086628804,0.3023843809244655,1.8778349469140827
304,2025-06-01 22:10:00,8.98613061420553,7.436176496562429,2.2634882994522623,0.2653115023353424,0.1452029776161372,0.5248087383229183,0.3215551379316361,0.302753544759873,1.914592157997236
304,2025-06-01 22:20:00,5.322519684238603,5.2542899405831305,2.288168757093952,0.2683873618372751,0.0666694096360592,0.502284143411097,0.3168495799967509,0.2962019484868183,1.8579621295815805
304,2025-06-01 22:30:00,12.525013581395122,11.40837125209315,2.302622521646676,0.2706002091566563,0.2520624861381496,0.5712381903160694,0.3233181467209917,0.3007109821248234,1.8753112073835243
304,2025-06-01 22:40:00,8.717410154074043,10.775455670037974,2.2682271173270965,0.2703346570913327,0.2037480824198771,0.5546529095482162,0.3265546930894252,0.3085907136083209,1.9170643198680108
304,2025-06-01 22:50:00,3.184435598422622,21.39050863821692,1.9248055862732325,0.3993972675681084,0.2334476180965616,0.7290343402925303,0.4223698184786541,0.4502253710924297,1.8857750308058228
304,2025-06-01 23:00:00,3.2413988923582164,44.79118762579789,1.88762318664448,0.3396325065259375,0.4093720317375403,0.8755052458283993,0.3349789644027371,0.3922296042400598,1.8617538408873413
304,2025-06-01 23:10:00,3.718636502057612,37.55919657610099,1.7649633357933174,0.3579294537529573,0.3981847402388743,0.8092894098448028,0.3319708996170167,0.390103802840375,1.8541779906834737
304,2025-06-01 23:20:00,8.76764164643579,15.58470298662871,1.7725416917286787,0.3456042719522029,0.2658388403848816,0.5874859349144206,0.3216286052607416,0.3897535184988787,1.8681440796919944
304,2025-06-01 23:30:00,6.883382778711767,16.929236113275483,1.8356022503145333,0.3407018286352998,0.2662761185374891,0.6271693232874791,0.3285115641238754,0.3919192680517867,1.8725771769717736
304,2025-06-01 23:40:00,9.307348166008437,12.897732783926244,1.869963487906146,0.3412467833025376,0.2766926544331147,0.6084756907370334,0.3313980818972283,0.397835930950183,1.8608100636356504
304,2025-06-01 23:50:00,6.636629502575345,5.603518464391294,1.905025361057511,0.3260666723425917,0.0815312705968824,0.5245464092970138,0.3259044187053231,0.3872948797570812,1.87720883989233
