datetime,dsar_f0-f1,dsar_f1-f2,dsar_f2-f3,dsar_f3-f4,rsam_f0,rsam_f1,rsam_f2,rsam_f3,rsam_f4
2025-01-01 00:00:00,2.776187047526003,33.885170533336655,49.30388020900078,94.25843152121575,3.901677300914634,16.88255696987104,10.930196845829856,13.769285688618872,13.111492897448503
2025-01-01 00:10:00,2.338222585676678,29.081873992310264,41.63828633894148,67.8073045596973,3.61386665958676,16.476234406714415,10.256373598254264,12.992982181060295,14.724349823847694
2025-01-01 00:20:00,2.9465616541385,41.06346043369196,61.92251374686968,92.86094525191112,4.082478794642983,15.807543509451325,9.398641376605886,11.894195121190949,14.55067209975526
2025-01-01 00:30:00,2.90119944763264,37.96707073235144,58.665755294994966,95.12795771713598,3.755505233559728,15.897350311017506,9.3574484895513,11.807680446411045,13.077224685435477
2025-01-01 00:40:00,2.212751549757892,29.013270370077716,40.449366368255205,60.52621694806079,3.620882809527123,16.149205868030364,9.910210300875995,13.086154673166693,16.10417654735612
2025-01-01 00:50:00,2.284779448426352,31.031203033145573,44.66584544604737,66.57546107533317,3.757128375444704,16.91205534385063,9.523146616901276,12.385093754804185,15.683757540269234
2025-01-01 01:00:00,2.306280629125044,29.36663112216686,42.48968836937318,72.82961083742552,4.053339116643476,16.608377875619418,10.41041574871178,13.46745324294439,14.171340449654744
2025-01-01 01:10:00,2.302189827138844,27.00579815847963,38.59483974082671,66.87527154233501,3.734589312550333,17.003034564674905,10.900857070208511,13.91104921940646,14.827675327635612
2025-01-01 01:20:00,2.9622062922772177,30.097136700502272,44.010726798153456,75.28193573700383,4.183743739846624,17.214588900841935,12.071484261900288,15.05045703809655,16.59844478058552
2025-01-01 01:30:00,2.5683490811750174,28.09948948766859,39.628462884747,70.25609510649221,4.085922739801893,17.71034598163807,12.285675129587634,15.388416214880122,16.206510446760166
2025-01-01 01:40:00,2.2733955278317004,15.785032707936574,24.717103491326395,46.496277083552926,3.568927304316794,19.953008005946085,18.21007257585862,21.56586312800308,20.43376617807189
2025-01-01 01:50:00,2.479905065102689,23.419157933536667,33.35897027008011,52.66813132237372,3.975455669245637,19.717709862055084,14.715619221999477,18.689055537830704,22.075509551238653
2025-01-01 02:00:00,2.721970338498145,29.837823711840954,41.96877349623383,66.15028983901698,4.404118696059746,20.50048974144691,12.498046503500756,16.70359573207614,19.11794350611773
2025-01-01 02:10:00,2.643796277701462,17.830966966499,23.20139698666947,44.65772893331281,3.849278647709988,22.621239003336647,20.33973073129793,27.839253061634363,25.243671050050136
2025-01-01 02:20:00,1.215792034507288,37.00395883331982,103.56710131155238,248.1385313830017,49.43604122942946,251.7362856595321,70.72431611712283,49.36206135259332,38.166451837548166
2025-01-01 02:30:00,2.184921006270301,23.47034563621048,37.11551035298185,54.37731377771938,3.87350365028207,28.25141367655842,12.981036065331558,16.73818212041288,21.03740345085282
2025-01-01 02:40:00,2.4652358319286543,26.35062914498414,40.40120292608067,60.729423684089845,4.361896282846748,30.576689743462182,13.28058030274344,17.500301608595894,21.680975936201143
2025-01-01 02:50:00,1.744203627075545,16.834032845378612,26.20044327013404,38.17527877839834,3.399769026089793,33.105052085270074,14.227054618898665,18.89656733231524,24.49099932239903
2025-01-01 03:00:00,1.9758400005914416,16.168270181751602,24.31677248662684,33.132203410037114,3.989096328295531,34.14732883627505,17.939629333451876,24.1797008172837,32.59518232652758
2025-01-01 03:10:00,1.66139732774511,19.040022379903466,32.48122509720468,43.66188887472851,4.299079796021562,45.76570264958372,14.127300441417823,17.94371739915752,24.53124168803249
2025-01-01 03:20:00,1.5356258024541996,21.09851737123725,37.148627906974994,55.75348913915641,3.8177749160009977,54.40705859960464,13.398780338751216,16.16358376582034,20.106553412036348
2025-01-01 03:30:00,2.26985210977196,30.168946143813507,49.31146447603776,71.22697040751368,4.355268307745793,42.89722581301642,12.990086105937664,15.917091703553387,21.1871498071165
2025-01-01 03:40:00,2.383542013919436,24.035690562739557,37.567559032804965,50.17518890739344,5.358515462164063,34.08814590022436,17.534045108293796,22.598199813514043,31.150137216273944
2025-01-01 03:50:00,27.302608216345146,724.937800042476,1326.0347734582645,2045.377347112918,129.0404025246149,70.93443244584766,29.47983101692965,30.813598891566905,40.43783561686716
2025-01-01 04:00:00,2.741555335328736,25.09466214494861,33.306853135222454,45.00121085195857,4.602277169150918,27.74871626659129,17.492295626961926,23.428128196623053,34.67925204722654
2025-01-01 04:10:00,2.5454046156953423,22.83748575896802,33.991531279271506,49.75972939733983,4.115327698542596,28.30582015810741,16.885039804162158,21.274061254428883,27.83096696308797
2025-01-01 04:20:00,27.69837407411658,966.7412533090233,1904.1590449651555,3706.223763288492,239.5833738036994,108.9221605216006,39.423592030538266,39.79253257606625,37.87313402169943
2025-01-01 04:30:00,23.82358551377419,579.5538427748445,1004.8927432963762,1907.199575450009,120.59944408461928,69.6924254985263,32.70796983764274,35.49322547074738,33.987597068059465
2025-01-01 04:40:00,22.859631265349304,1085.8320218825088,2876.212478019984,5188.55595212411,359.8494664322163,176.41624632800296,48.75038367149914,39.479523815427584,40.84379785584694
2025-01-01 04:50:00,21.299995213207005,1013.093297870976,2779.9609038395374,4983.723393945821,335.044889556018,169.44725784780465,46.49531389811217,36.42741543204513,37.98717619629116
2025-01-01 05:00:00,23.874814809901288,776.7477320265688,1685.310009402955,2967.657398817033,163.04120144293464,99.75422966619412,34.035793326207504,32.37493921193395,34.91158068228612
2025-01-01 05:10:00,28.010973074623053,666.2197346379145,1599.506544190057,2659.4749998871466,171.408767961734,92.7002661032028,39.23095061613678,35.76824980510976,39.59711244042757
2025-01-01 05:20:00,16.695599999157114,613.5582632455803,1166.8719514964748,1770.8261860767443,147.29785621521577,97.87506442965494,31.69480478832341,34.855390161233665,43.68694508739225
2025-01-01 05:30:00,44.88216581177831,519.5013674602491,701.561108132085,796.271212137253,28.09861308033872,35.22695776040797,17.188746716066277,25.334991671427893,40.77539242075091
2025-01-01 05:40:00,2.463520574017831,34.954816446497205,44.99528201183463,48.43862819831127,6.047261149477913,34.02732383143783,13.622463466213256,21.33667538281276,35.704135056867145
2025-01-01 05:50:00,1.964042051213435,26.52719441179181,32.89160108961453,34.65222519241538,4.549521774718801,33.56323990600773,13.778220973721885,22.875699796961747,38.794949851959565
2025-01-01 06:00:00,1.9426319636386649,29.331839192868912,39.45814751740359,44.83849420445109,4.988707703988173,34.57268701311752,12.9509674069734,19.15892600005777,31.317917822373094
2025-01-01 06:10:00,1.82106959609924,25.378397452505403,36.694373241299566,50.49641527773426,4.751953933334772,35.28460792482056,14.029227543085828,18.432051717355314,25.892010946609997
2025-01-01 06:20:00,11.264889879380444,323.3574960281698,648.7440162252499,901.3090705787596,43.100751352564686,56.424600861741865,19.52333756554136,19.72262663325279,27.904059866056265
2025-01-01 06:30:00,1.8414521921106684,28.68967138075404,50.60338988795047,80.74603652934472,4.662393725151171,31.843612592696903,11.04506881740531,12.79486861955309,14.943684692645997
2025-01-01 06:40:00,2.206270936231968,36.15956759790922,64.04833090805563,93.28584504820827,4.846882871665036,30.686402122900773,10.398873419198903,11.788426377042663,15.576143148119009
2025-01-01 06:50:00,2.0305371295050825,24.918167383765255,44.236778245620165,78.12394467279938,4.463137935524244,30.61708182404837,14.031963100342628,15.522470258375304,16.155818088431968
2025-01-01 07:00:00,1.9450689838336872,26.925488986136493,48.08222796444543,80.28511048988632,4.258446444235931,29.6769808974826,12.498282268040189,14.422120256135363,15.213520899465436
2025-01-01 07:10:00,1.7651490881089758,30.5564210524894,61.71925484693461,97.85566151408796,3.826523066680605,29.19902015922042,9.062062180857405,9.441758728191484,11.230650786115294
2025-01-01 07:20:00,26.037429692075506,1035.0310548994507,2617.7833585830645,4620.612732014544,129.19736974244898,69.55690777043438,18.29471455409649,15.58185525907097,16.889578423874887
2025-01-01 07:30:00,2.517867586650713,28.683667308644495,44.74666198160752,61.64911241974219,4.249614910325884,28.40214095118227,14.78252859268687,18.2849565896772,24.630940442010782
2025-01-01 07:40:00,2.279999937792049,31.016746500641435,51.16080162498496,77.78200478431694,5.154577042554243,27.65899662331065,11.753627999717816,14.414205525883917,17.203810598467918
2025-01-01 07:50:00,2.339614491371097,29.65027385692487,63.542802913200006,89.58615788210874,5.266195667565939,28.23323696450132,12.128947187959255,11.850118724590033,15.225475646840945
2025-01-01 08:00:00,2.689555482134288,39.588184200102965,78.00592337592475,106.48472355907596,5.413171199420623,27.073343877881754,10.091032193934222,11.085934889549122,14.630186254783515
2025-01-01 08:10:00,3.1801624743485686,47.315073646987926,84.61547796946483,122.6059041590934,4.65378402419373,25.85898867574485,10.130822351043824,11.794898950842956,14.522903236533216
2025-01-01 08:20:00,26.30637457580249,1063.9643735035522,2380.837491019954,3703.3768147496976,234.63113550796533,114.35109819736246,34.07897368221617,33.337669889309005,37.63837799213631
2025-01-01 08:30:00,2.117663369606181,23.991416470173984,39.66478909903376,63.08613584305405,3.9274634673926863,23.458337792247026,12.91881607710573,15.145409872390056,17.463589926433738
2025-01-01 08:40:00,2.992856592592231,37.67868530860563,46.32050216425146,59.10513120101793,5.436394125536656,21.857464494006532,12.776767561217572,18.95015119303757,27.775797081092342
2025-01-01 08:50:00,3.0759054215730037,35.19718389869816,59.36316462837326,79.47909491597437,5.465117916857315,22.517873137264985,12.133634683228951,14.796391211908638,19.833659812929746
2025-01-01 09:00:00,2.8986261152780424,31.730985611775324,39.92293038329151,53.61091189754529,5.594328307294991,22.094303895467093,14.802131014010056,21.36261874269944,28.945965463157485
2025-01-01 09:10:00,2.430412472291952,22.15447594788184,29.70514079074503,41.28907675375928,5.285839519166058,21.136702704559745,17.787733918750607,23.990987740538618,31.649826477853374
2025-01-01 09:20:00,2.9378076104356903,25.267499866527263,31.85058550935178,57.1463924324157,5.141459150718418,20.935319734071516,19.26534748615023,26.08979173626976,25.87588357019466
2025-01-01 09:30:00,2.1425843210207587,17.96705055609432,22.499512940402383,48.14670793953097,3.883147667567912,20.93131303897111,20.42364260853998,27.14257185395072,21.79929685416107
2025-01-01 09:40:00,2.28742584332541,19.10562825417341,21.64613255056609,38.14371798413264,3.997020989301181,21.275107718251828,19.93782951083906,29.109128592106188,28.9478306353074
2025-01-01 09:50:00,2.6113893555487024,21.745483951552856,25.750648011953043,45.17102672178997,3.917033527367369,19.533693432272788,18.03307618038234,25.74398253932752,26.344673754817222
2025-01-01 10:00:00,2.481460198751773,22.59872253417415,27.35521973640881,39.30605306133968,3.9030079155962896,19.33239618692149,16.884413434094853,24.309557176794936,31.09518583158088
2025-01-01 10:10:00,3.219242923286143,31.06701922128932,39.96019494201034,54.81473554584402,3.978676051282205,18.98273922657457,15.041125368726671,21.11023724517693,28.10539252820118
2025-01-01 10:20:00,3.066242030870385,33.45607293905234,35.95501855213555,45.76761915594804,4.060017164382172,18.34067975111118,13.61201612510639,22.42473349670714,32.12879336633471
2025-01-01 10:30:00,2.7612146123416865,35.43027901694332,46.48362448996672,62.72837242986056,4.041832839103896,18.10752545168225,11.306747992014948,15.629414498317614,21.42942390453178
2025-01-01 10:40:00,2.9441660917913137,24.303924733045765,31.48279820011704,52.03174584992417,4.329902512974692,18.230017671617016,18.23148547175183,24.44804356166172,26.338921010298996
2025-01-01 10:50:00,2.76459020789708,22.885624164651738,33.1273290043952,44.62359221358393,3.9224801518924206,18.347164076671174,16.072624127616525,20.62522697357633,28.707904787282462
2025-01-01 11:00:00,2.524168156963094,24.88563557669906,34.557663065321776,46.17154603884579,4.045801634249703,17.49064081390407,14.088702819385931,18.64324901793032,25.30924123705976
2025-01-01 11:10:00,2.565437784722965,31.090933013753265,40.71562584234141,53.76270276124432,4.031985443950334,16.902863383190052,11.50906049006851,16.183993004022163,22.34320610037981
2025-01-01 11:20:00,2.645676406302542,28.264399077781214,42.32652978501128,58.69712979813013,4.2516886095665525,17.581469636013747,12.589101298452029,15.885842547300363,20.99061285762642
2025-01-01 11:30:00,3.632053524433747,42.95913836484464,56.130090077171296,73.20737831808786,4.163926769045586,16.500476737541785,10.762083028859657,15.625881098259397,21.72601204161081
2025-01-01 11:40:00,4.108159314815927,59.319047916214366,83.65316711501028,117.0077001529124,5.158020258086851,16.92431818976557,10.507747752829795,13.766579613443373,18.200948487717547
2025-01-01 11:50:00,2.8355746845330696,32.854019341831595,55.39875801434347,85.69943871694834,4.522820204265067,17.095318513415233,11.604796663869964,13.496105605672938,15.540211870819624
2025-01-01 12:00:00,2.278107036610526,23.51651459383168,39.160012963563446,59.992794873214514,4.079285395861607,17.57983994610243,13.345368737480966,15.34536205977678,17.676465426656396
2025-01-01 12:10:00,2.7863659404240773,38.02286085716487,54.78518577692063,77.95122873855784,3.915503236744301,16.482201034268723,9.57616484009456,12.615945172316716,16.310403255564946
2025-01-01 12:20:00,3.213290016948581,25.19458465254254,43.46032436217333,76.88070120171504,4.474167158107223,18.014865111448277,17.574510238917185,18.50715505033149,19.262908237504742
2025-01-01 12:30:00,2.3660795028793458,24.06310181926412,31.02741319018726,47.71909157591052,3.9441072796452192,16.466974393631432,13.55216894052634,18.41256709197928,22.51276560479059
2025-01-01 12:40:00,2.297302949623552,31.03743815812135,44.933250000722495,80.11986886654404,4.044364087885064,16.21939810990803,10.300892487174616,12.971866267670752,13.111587342220387
2025-01-01 12:50:00,2.9714911862615123,34.08536175007768,43.98324554830878,65.84295467420598,4.249160659328229,15.588612632174303,11.958961902827228,16.304431372533916,19.815924937893502
2025-01-01 13:00:00,2.310809318257016,24.266482970647804,35.483457516030555,65.87920642403265,3.752889353848746,15.835613806313436,12.527229067601068,15.74877294398919,15.27145590348442
2025-01-01 13:10:00,2.84358838024134,22.42890040541721,26.324000970822567,56.38837601302829,3.507757360072966,15.377243460846506,17.45647059293893,24.060298716083576,19.968997214088525
2025-01-01 13:20:00,2.28083526745917,14.218280250593663,17.398666725091996,39.52629478143891,3.809458263348204,16.328209580513644,22.841922083859245,30.35778212098753,23.21256531077188
2025-01-01 13:30:00,2.275905544209253,14.727278088181064,16.677919524652754,35.01505572824529,3.3153897044197898,15.7821242495521,21.650387817292494,30.969193449097983,25.65312997942118
2025-01-01 13:40:00,2.673184070984296,17.98638088314661,19.938049460632502,42.76800801742368,4.107705430767875,16.192922543089537,22.859320845854647,32.62692176257211,26.767955016240705
2025-01-01 13:50:00,3.156312691598342,24.58978655746764,27.009519818605487,51.85330439785801,4.140621691956357,15.682735854429591,19.415278759234525,28.76674080011788,25.897506327769896
2025-01-01 14:00:00,2.2331600545071586,19.84342365946102,23.66192466593216,44.75065171303791,3.612382852872338,18.486629783893036,16.79252604015317,24.1517865622224,22.470504803235265
2025-01-01 14:10:00,2.710072417632756,26.13135743374036,30.54409369864345,54.13355276882778,3.930683698283065,16.48896224401491,15.441722510589376,22.32442749337232,22.35265522136139
2025-01-01 14:20:00,2.3377006126861697,19.38629651157555,22.55752191954305,44.21036433750107,3.753052697041787,15.769542814444762,17.81590406183424,25.33133317586885,22.711804471104923
2025-01-01 14:30:00,2.652784382141766,22.92761042133487,25.948912934079285,50.685033623455126,4.266775800578773,15.355524640480532,17.161978488174448,25.16201774052769,22.710490442725032
2025-01-01 14:40:00,2.6218062270350337,20.57199541795038,22.878561804531827,47.32375552922621,4.113626774236262,15.46613258626258,18.88772929420801,27.29679504092815,23.323467978411017
2025-01-01 14:50:00,2.7498775711028487,20.429524732107826,23.853575548574444,46.56506258354104,3.8383863890491328,15.75617651502988,18.701177480729942,26.16707132115496,24.163297968876325
2025-01-01 15:00:00,3.090194780947567,26.18295996290107,30.59882585653761,55.81148636294536,4.105650843717871,15.87531691966343,16.237928229535726,23.402690992617103,23.284085842884977
2025-01-01 15:10:00,2.6255383584597265,21.185293339005867,24.651573941501454,45.98283672418847,3.672384512658499,16.569194354502628,18.16248845417065,25.61886565292083,25.36353662354373
2025-01-01 15:20:00,2.7831076827204093,20.007429758274647,25.13295980353471,47.83325105521081,4.048520894751434,17.139346483563113,20.662459540764814,27.77221692685306,26.39874011893802
2025-01-01 15:30:00,2.557167379796045,19.4958363640207,22.357303532075107,45.265599110697416,3.7293123383371594,16.535206017381654,18.250241757848645,26.267986514209515,22.98312235105029
2025-01-01 15:40:00,2.670467995302694,16.108552394806924,19.292903064606,39.88814926299423,3.694982737761437,16.9950237405472,23.04690230386949,31.482331987521597,26.81678027397789
2025-01-01 15:50:00,2.493521687300836,12.927260184563291,14.865381970823076,28.53973606966697,3.941976806901345,17.50527303187505,29.17365680519321,40.86655607267369,38.184937191161
2025-01-01 16:00:00,2.1875859202370047,10.953793867422188,13.324330025348509,26.89361111099478,3.606063011461429,18.087033523226,29.16256392010008,39.28748699428026,34.20825548200383
2025-01-01 16:10:00,2.862245297049816,14.988346137356718,18.535617150648516,37.79682103971678,3.6863434336360856,17.552738676012318,27.58959839727545,36.52944137492121,31.72337547661666
2025-01-01 16:20:00,2.7448102365783464,14.904347954764765,17.846079595307458,35.8564910409642,3.796569287500535,18.455860450146567,27.08432030691765,37.11368939816264,33.03733146610845
2025-01-01 16:30:00,2.081636156228037,12.398249323960568,15.024490139088568,29.642015704908573,3.596547873621779,18.07195117295483,25.24255530194545,33.89735626034084,31.14976866768967
2025-01-01 16:40:00,2.341223573830579,14.612936319260834,18.062030090910145,39.10503354913379,3.7882985310124977,17.469279641126217,23.47458649202489,31.629913466358893,25.36346670778661
2025-01-01 16:50:00,2.05070401881886,14.778011152980044,17.672302428259627,36.66736217575481,3.6418672510265897,17.239311473984355,21.34879252768735,28.98009699389994,24.685942157253805
2025-01-01 17:00:00,2.2127145878393386,14.915428518545506,19.632418319217585,41.729025180807646,3.732491332438501,17.586143294144534,21.12911220898976,27.320622244728742,22.83066925403597
2025-01-01 17:10:00,2.565385100145981,14.67866443054939,17.847702191604647,39.80704794946623,3.978548430308388,17.02022083859918,24.379138778255527,32.89219393432115,25.848965807382186
2025-01-01 17:20:00,2.737031326278144,13.938640862188162,16.76622708087659,38.09935110994591,3.7729537294756814,17.350723332587513,28.129633253584423,37.99396211638879,29.35968323957499
2025-01-01 17:30:00,2.714173727094748,13.02347970142684,15.38500740170817,37.04223688937363,3.415731484193318,17.247746235465662,30.2928217534976,41.041335992547225,28.961235873332253
2025-01-01 17:40:00,2.548350942464592,11.493119507876813,14.00356036489719,33.10996272333952,3.813822233216256,17.89304639980918,32.83982263494381,44.15255103550306,31.32580238842313
2025-01-01 17:50:00,2.5969869875458573,14.218379835789504,16.922230205339723,38.70101640097823,3.805524404552662,16.405808367529314,26.175010913456976,35.65554781159888,26.76118986105668
2025-01-01 18:00:00,3.1933651208365537,17.00322611402239,21.31942457294697,48.19422622134108,4.366612351616075,16.570466228672476,26.0094357684051,34.12306492633242,26.42182180885588
2025-01-01 18:10:00,2.75991451122233,14.110948402905258,19.06253800884465,42.83711521637911,3.5832874186294084,17.859703913367817,26.273631505390224,32.97851223131176,25.451732111011367
2025-01-01 18:20:00,2.450062600884847,13.044182260154416,15.120090013837393,34.87856329972885,3.5112051375292923,16.09839767154284,26.029134473706424,35.37799908210199,27.217435821536405
2025-01-01 18:30:00,2.8836737281926,14.049480165396938,16.30738687197615,33.51736737654878,3.8860419958252335,16.9282920315505,29.403354746473397,42.30915145301569,35.6018358591349
2025-01-01 18:40:00,3.1350013545308424,17.00326447110621,21.811837579334,49.26754315500733,3.665056338639823,16.311925998889066,25.52966054120518,32.43390964493922,24.850509963031584
2025-01-01 18:50:00,2.2648311439440114,10.461432019308852,14.171041522490196,32.4002916414884,3.798625829522446,17.675597257996337,29.74363080143453,37.15556929724532,27.74894265742885
2025-01-01 19:00:00,2.7462157761643,13.938027515751743,17.213816105743735,38.05328007282229,3.612192253378967,15.936965352206522,26.552150549953044,35.292835079817095,27.38496039388151
2025-01-01 19:10:00,2.7307815138277207,13.859447882415129,17.38880593149879,39.42993571595337,3.7055154925163056,16.611547020787036,28.700444112424403,37.28679834917074,28.35772546389893
2025-01-01 19:20:00,2.3192179475823305,13.619812100787298,16.79696837047298,35.45293700445138,3.3955375676300283,15.421781052698307,23.51362456176472,31.47861947437656,25.513611791115828
2025-01-01 19:30:00,2.457665337146369,14.345663360918572,17.932837640024154,37.433755247298215,3.634097436996364,15.059719102264546,23.659253403076164,30.895838667345856,25.678881111329023
2025-01-01 19:40:00,2.455553974497524,12.583149909127023,15.966348233837506,34.756390813102755,4.166044040956161,15.725989696021182,27.62633115120297,35.01478171892259,28.96952937678464
2025-01-01 19:50:00,2.529718496667392,15.253052140765217,18.10202747846525,38.99961217735613,3.793675630191963,14.5828220453473,22.983210049465256,31.07387591655673,25.41316268725941
2025-01-01 20:00:00,2.333102888488227,14.867722819416748,18.464087187771373,38.128400773418704,4.183458866904111,15.195225581869282,23.244944989845425,30.725954308474424,26.08784965692476
2025-01-01 20:10:00,2.7927152963470734,15.715350761686222,19.88041815154243,42.41525350555699,4.370586276253276,15.343390021172088,26.29117389439164,33.5343690473297,27.60465370893027
2025-01-01 20:20:00,1.488759056860005,38.37983801337468,89.83577812428177,224.97402775261432,50.84281524989255,237.30941093514215,82.50691027890781,65.66679493120905,47.51489494193061
2025-01-01 20:30:00,2.758274283610186,16.006924868955352,18.95472969716444,37.890811088816974,4.203454392010571,14.737910645260358,24.15725764584191,32.91915360284557,29.14147849229856
2025-01-01 20:40:00,2.575135115924346,16.97317260009506,20.51903309085978,42.94432081367948,3.963524083248637,14.4065406219594,21.40937866877393,28.763032858993668,24.24802268579541
2025-01-01 20:50:00,2.155816044888185,13.26187771986364,16.22860266376943,32.17715570960177,3.7287151093352393,14.828839812877009,23.72571982932953,31.664251981864616,28.311609139838897
2025-01-01 21:00:00,2.835474500687924,14.110650354229184,17.91717450153151,37.262514416536696,4.194822929553443,16.04252795761799,28.244421692547,36.18502182227909,30.78618031692397
2025-01-01 21:10:00,2.077689689267721,11.947831102722326,14.755245213110186,29.625607121798872,3.674943945664791,15.254585844992766,25.37330924926339,33.17152966814144,29.51283699545668
2025-01-01 21:20:00,2.616787124078165,16.141741198942995,19.08548831098528,33.929740530918004,3.875059408706573,14.754051584801624,22.042998633038334,30.36941147797688,30.770892218192945
2025-01-01 21:30:00,1.6449467733029497,5.324701276081958,10.256516000116134,22.567904706190543,3.537796828732578,36.54610456185418,52.85872759881294,51.78058580463579,40.00367604123812
2025-01-01 21:40:00,2.8251909295913373,12.482565172867092,16.42244323621404,34.28054024797757,3.676933246016768,16.160797866394226,28.401041932584917,35.77080050289999,30.113430967820197
2025-01-01 21:50:00,2.96040351758212,13.94553275354428,17.033478524973123,36.98289522640548,3.6098539353973744,15.852154680003528,29.47054043742979,37.95284898838713,31.49219385676937
2025-01-01 22:00:00,2.7078521496132946,11.421274963689177,10.490248233888597,20.32743836902084,3.784616974727249,15.433354350238837,37.34055721598852,61.92268084456326,54.7274915959945
2025-01-01 22:10:00,2.3965767214210247,11.101779329531414,13.874555452321005,29.38810897593599,3.83603053102356,15.373709734918828,30.67714345796173,37.64549084743654,32.0288595372408
2025-01-01 22:20:00,2.196777356412267,9.322673230649771,12.119163288287991,25.92859489947232,4.018129110815744,16.37649150038371,33.19213164632156,41.29946189517196,33.844389216715804
2025-01-01 22:30:00,3.073045131647945,10.155777181654296,14.4078128572969,26.33820114454758,3.593238498351202,15.271497185537765,38.97828838947735,42.1339004507465,41.51217035241711
2025-01-01 22:40:00,2.9157245592854104,14.584241055183938,19.85523747936665,37.78194667631222,4.636604793050189,15.480534605231682,27.01980964443282,32.51112119108584,31.487290784311263
2025-01-01 22:50:00,2.311435471453403,11.812591988804323,15.967493962331057,30.860522261888125,4.029051485032869,16.772665800623866,27.72659367896189,33.48342104726623,31.727518640987395
2025-01-01 23:00:00,3.0225736462517387,14.197214343823962,17.3680580388087,35.75112188192561,3.8817423849984434,15.826607169393396,28.53939369809921,36.748554371881454,32.2491066820385
2025-01-01 23:10:00,2.798481512665876,15.235970878071289,18.899948327214947,35.13399005672522,4.17027933928382,15.953804511894775,27.29907444051859,35.65723691497962,34.59151279980316
2025-01-01 23:20:00,2.4811753230087823,10.487320694734436,13.360384829622342,26.56633074065733,3.768212313545849,17.95455290755521,35.81573970456892,45.02250587707538,40.49091476856014
2025-01-01 23:30:00,2.47041820701702,9.304127990271152,10.549735862827951,18.470511561193472,3.3849115758186548,17.37404732576504,39.42565405571814,53.94164563208622,55.17509882980816
2025-01-01 23:40:00,2.3014766353066727,8.087091276181726,8.864917586216123,18.041981504982203,3.820213374858593,18.607195266671223,42.67257411546412,60.91045718817404,52.82326495812692
2025-01-01 23:50:00,2.4827692106518584,10.957046839744962,13.230962204901113,29.075928139155945,3.873813473975837,17.257538765901135,33.49415703292344,43.82131443590556,35.62767525901914
2025-01-02 00:00:00,1.922726118325311,3.9493033073475137,11.68508141335785,27.07149184903326,3.512442472458496,68.64728395233267,87.94611059378884,62.264059413042055,45.36593935252821
2025-01-02 00:10:00,2.2478149622223467,10.621401917251424,14.61235900675488,30.087117548912733,3.802377947257843,17.093571237578907,28.95387489549517,35.91731699410434,30.258790753248263
2025-01-02 00:20:00,2.765232290704553,15.749175901305916,19.494054607582655,36.1483517017117,3.905180816152076,15.05339104161971,23.88397776267863,31.58078143758486,31.3854617895831
2025-01-02 00:30:00,2.4242124815289325,12.796245854250618,15.540507159259636,27.72062467728185,3.915946209491002,15.98970766572361,27.353385230262496,37.47806882647546,38.37504189986385
2025-01-02 00:40:00,2.575202430846251,11.96914815254986,14.23757089157344,24.827727237298248,3.617141223416139,15.417396978034956,27.99587092229406,38.16194469779547,39.60713690639175
2025-01-02 00:50:00,15.343679589060017,789.7748071229022,2047.1498946606987,4585.649561640818,224.3228727751712,193.0911264087965,53.92492432989759,42.653143230444805,34.66141405355813
2025-01-02 01:00:00,145.72326527636636,828.5996072907354,982.8089037185296,1549.1375921355109,69.55630815624619,15.552460747313098,24.579168077526024,34.7721388457855,39.83915176954733
2025-01-02 01:10:00,2.6448954709436423,15.446748797779223,18.627894360546318,29.33070078988516,4.127907071219199,15.23587821142843,23.414201328641195,32.09109527562687,37.86979757356553
2025-01-02 01:20:00,2.9305847946479755,19.578388515387918,24.60746205277456,42.24592696020267,3.980922710192909,16.155777055001394,20.34690681688748,27.38698573235418,29.13363509179622
2025-01-02 01:30:00,2.263905550099026,13.452484639805087,16.257884800957562,27.38350440070104,4.002823637047853,15.507800389973474,23.8777404514574,32.68348966353096,35.58740130736118
2025-01-02 01:40:00,2.4395077073424813,15.47747697912193,19.13140420870048,34.09609260308525,4.054055719776904,15.674302503934117,23.2094960500795,30.645289389205995,31.03609293982268
2025-01-02 01:50:00,2.6068412593527306,12.33076806642926,15.296299128377443,27.08205478440364,3.637015033564344,15.937685502418924,28.814110033895304,37.77347380647982,39.01031462225438
2025-01-02 02:00:00,2.7832357864540365,18.065741191597123,21.985624426467734,36.75353191601108,4.237191362107872,15.80362886401108,21.791438136062748,29.784641113902207,32.55541911898199
2025-01-02 02:10:00,2.597966055123906,16.466048948432878,20.998405574529343,36.22365452985726,3.9419249962463474,16.525190506461907,21.06432895401723,28.27678052183619,29.864124067759185
2025-01-02 02:20:00,3.0192363445528643,17.422843619748654,19.861258613375096,35.46892508755726,3.659281417559562,15.764115263279995,22.00208221007916,32.403837371969075,32.27803852316777
2025-01-02 02:30:00,2.7797333289848227,17.461004464601913,22.07228862454562,44.034564128254026,3.997982891041762,15.754170810239708,21.28726906846904,28.314246519324666,24.92983881584841
2025-01-02 02:40:00,2.2657634595717595,13.172971364499094,17.55721979242776,32.659411301418345,3.546887271357566,16.681412419361287,23.108095988668456,29.532375655677388,28.401342959836725
2025-01-02 02:50:00,2.1672597101607525,11.055741624418236,14.340140374142116,25.440440709924864,3.493463040008737,16.660177558825545,26.636016363893823,34.15978936481223,34.48196726935658
2025-01-02 03:00:00,3.2446315970629747,20.8795547132731,25.423839999918357,40.73415079148972,3.9860914106389056,17.621105892859568,22.322794506537143,30.978699647077296,34.705303522036886
2025-01-02 03:10:00,2.5945144221495804,20.203044293071947,26.76336421994446,50.2421830362081,4.217043209017398,16.36824423062821,18.122093926926443,23.81667698740614,22.85372069338
2025-01-02 03:20:00,3.2406987885270686,25.42726245129616,33.146718813225384,57.04584942165244,4.005546810838818,16.59933317768391,16.820259173723926,22.973572187402684,24.124105606729007
2025-01-02 03:30:00,4.174275519022395,19.817760224654293,28.697119859991314,47.43231364809832,5.230194254870928,18.05287612265707,32.06455296716832,35.61931236953939,38.60712040341463
2025-01-02 03:40:00,2.770670791654187,21.13982124100021,31.031427653491992,52.60797792200971,4.129491698646502,16.50064461914351,17.94914157811647,20.929990796191483,23.1259115977717
2025-01-02 03:50:00,2.9976424389564555,21.626812862433415,27.337956129554545,49.25864541154295,3.73141902514716,16.396177448134548,17.646838480380833,24.13445465023929,24.37932623030805
2025-01-02 04:00:00,2.502652929069156,15.801907797190024,20.33915335737013,37.70456603977328,3.6215856567916114,16.982054881810555,21.43024125686364,28.192642150484826,27.06267928961309
2025-01-02 04:10:00,1.8247031086896224,2.711890985654335,4.758940799745118,13.393585445861856,4.025186485046055,41.05336591358085,103.18128103616772,106.1322641533067,63.01392896288446
2025-01-02 04:20:00,2.20907959897185,14.657240514938932,18.766068257922143,26.717450633762315,3.5185208044809198,16.6359305359173,18.93024987135164,25.72661544756184,34.364078544185695
2025-01-02 04:30:00,2.73122561143103,17.67100451836606,21.41236406346677,31.27441142298516,4.0053486657088415,17.349762646932472,19.80755826935965,28.176124741427003,36.59275179690695
2025-01-02 04:40:00,2.578648717179754,15.078343011109675,21.621518735509795,32.507254041365336,3.880229903802595,17.813914227445885,23.06934087786576,28.05257994548968,34.986001580628816
2025-01-02 04:50:00,2.101172879071853,16.2820438361226,20.29607162730326,34.09407240507892,3.6067554222691633,18.30655183725016,18.635955573041947,26.11209609067295,28.852372609018627
2025-01-02 05:00:00,2.995111231348047,22.487941092893465,33.15876025728068,55.69685506928151,4.153637937160523,18.128594854471352,16.834992072707237,20.413382771040585,22.48649371240663
2025-01-02 05:10:00,2.8481076883037355,16.839057703623016,22.251712864111614,39.12725602832133,3.850907994682228,18.814347354647385,24.76056413709172,31.132799042719515,31.871932735822973
2025-01-02 05:20:00,2.400425944042464,11.483530682366125,16.176360912156852,30.360279769001348,3.460085625744122,18.55442492784749,27.230779263724955,33.12096941490613,31.3359169763629
2025-01-02 05:30:00,2.293257195431514,10.96828776364292,19.721698378236635,39.97989635746464,3.449100217671095,24.765052709597384,27.991116004929737,29.172794118176164,25.859714829917877
2025-01-02 05:40:00,2.4558718708820715,12.813290960446029,17.522706428082575,30.107556684563995,3.684326946539037,18.639633309361358,25.51127064384624,32.644287623305026,34.431613114705634
2025-01-02 05:50:00,2.23782746028169,13.292481999292509,17.515018543748948,28.514035655404506,3.6074416749274913,19.041932312013238,22.542000787308982,30.147506408271155,33.79057294173555
2025-01-02 06:00:00,2.889694154934372,15.74414954168,21.65225099528772,41.04522295623367,3.6091645218752046,18.76274706941237,24.230592272865863,30.197151958054175,29.099184461046317
2025-01-02 06:10:00,3.0452151230902147,18.913223707540965,24.58672919123441,42.12185720961107,3.950589736803031,18.369808756142668,22.066185151085094,28.735986393690062,31.015172810245677
2025-01-02 06:20:00,2.5465228153339714,15.864429602122597,20.99617284382528,33.52265956531625,3.994610434717098,18.106095551700367,21.986647822404382,28.354124944670836,32.49381667671313
2025-01-02 06:30:00,2.470771749194997,15.776531361763563,20.665576805042317,33.430828611162795,3.787178871022056,18.30333752097356,21.03037902069327,27.679171771906372,31.4205184603328
2025-01-02 06:40:00,2.038371313926421,13.792516825226937,19.029112561982597,32.58090983032468,3.350809776455684,18.2609862530397,20.44396718343469,25.94257502285043,27.76673425882378
2025-01-02 06:50:00,2.1454178404410102,16.449760133600098,22.0345531930712,35.967616490880474,3.7991350852855272,18.35733578128761,18.0442784227436,23.71114517020855,27.45597861139222
2025-01-02 07:00:00,2.2051853802557946,18.26528819419314,24.928843046375665,35.5760782109807,4.170188819820104,17.85513293399461,17.114989230571588,22.15056783253879,29.89718200338582
2025-01-02 07:10:00,2.1138855629815385,20.56980808126185,26.021818222540176,38.83684396987505,4.119154231333027,22.47827055885496,17.16302278355506,23.71277929398184,30.64951504387321
2025-01-02 07:20:00,2.3458236773586623,18.699902531980857,24.667066492738783,42.9162343115096,4.595078268648245,19.01945819856458,18.62050102126353,24.586908417920807,26.28181372276689
2025-01-02 07:30:00,2.1541128464958703,14.805240752752669,19.157838299734287,31.612250750064177,3.574099880776341,18.290781439657746,20.673322569120693,27.403228518223017,30.627182031032287
2025-01-02 07:40:00,2.184618698158445,14.338073074126156,18.784069265470677,22.529879227309102,4.212373875423692,20.838269626256235,26.485029934580943,34.7427171119399,57.00291165572493
2025-01-02 07:50:00,2.447372087533622,18.31577967758813,24.893396829524104,34.9618764545646,3.8172137714060703,19.67899455743176,18.12978685993156,24.185072029071847,32.08382657715191
2025-01-02 08:00:00,1.9782076896063492,12.197966845308558,16.532293667937743,25.603698929502432,3.716382104621403,19.53383347623801,21.846691328030424,28.728458700743197,34.00377234328977
2025-01-02 08:10:00,2.245766879639328,13.604094451740671,19.825468061463223,35.406628556306565,4.060860739701381,18.89126376235785,22.597986648628066,27.042024406288597,27.323168056978712
2025-01-02 08:20:00,2.63639528693906,14.729666432785146,21.63726607101215,35.84063226511605,3.6032068014028833,18.837552100008995,24.951814688906623,28.524246487080926,31.59557714675297
2025-01-02 08:30:00,2.540986045966007,17.225228397528078,25.813142978664654,42.664163572861774,3.819529710225909,20.306454757763944,19.6381987957891,24.149345176313723,26.42728292029144
2025-01-02 08:40:00,2.947022290389691,22.35845405533451,27.050915613977924,41.64897094736735,4.223653287113528,18.162021817807368,17.331787244653512,25.077987150483672,30.012981890954304
2025-01-02 08:50:00,20.427361956569403,773.361747242179,1503.651571459554,2692.203647916387,206.3657414781312,104.84326147119232,36.03661637517713,37.69733411146796,38.64969036452357
2025-01-02 09:00:00,2.7801916324446148,20.969325412242625,25.81394903466221,31.831950098172744,3.427578595431442,17.814945158695174,17.918051760169497,25.514283261006444,38.653792018578415
2025-01-02 09:10:00,2.6175260701732697,21.28683197036776,30.808410884871325,54.12898800572765,3.968518904756549,17.613656348350133,16.083248029659703,20.49391251771321,20.378258474854928
2025-01-02 09:20:00,3.051058286867731,16.788270803862396,26.658496539387308,49.11674957973253,3.9796260839356408,18.5883746509642,21.53814170049781,25.124424219892628,24.402665921565767
2025-01-02 09:30:00,2.343373504252158,13.80517788291096,16.1194523486446,28.06791386404696,3.660233557450149,17.308629315117365,23.525951090987306,34.62078599393153,36.21640401494905
2025-01-02 09:40:00,2.710246915078023,20.03909733452388,28.703952878279903,49.844068687679005,3.7149048329512016,17.26293269215594,17.395538362513513,22.415501876743544,22.62295278343021
2025-01-02 09:50:00,2.3338145916038657,20.7705416304497,28.418874527335493,46.24343651006152,3.990408382290852,15.751196300541952,15.858127299759609,20.97184548479508,23.28830417520141
2025-01-02 10:00:00,2.8623445181973084,22.90248571003049,31.09396502690559,58.595524880319694,4.076675561192247,15.393598872661189,16.242856650735977,21.222723387927186,19.432068853276373
2025-01-02 10:10:00,2.4288682927342355,19.68618416087788,25.672661913816924,46.25521897729209,3.653002026391686,15.913230429751302,15.768029439820555,21.204537362411497,20.71323394584619
2025-01-02 10:20:00,26.005906755966663,1078.0913368951062,2376.397371692812,5632.444228551271,230.33365916881664,100.9210945372447,31.64311968458153,29.107675172913197,22.05042794733593
2025-01-02 10:30:00,40.04507090239503,259.6637665133437,356.9416362347867,693.5054675402245,21.05504348112712,15.821006111112396,20.937494757375926,26.37480753571196,24.07085597187714
2025-01-02 10:40:00,3.071012989864893,21.105822346393,24.98216227142914,42.448532888861024,4.251712251449119,15.728411357234185,20.308440788785724,28.683400048821746,30.80406912665192
2025-01-02 10:50:00,2.232422433337612,17.841446929433427,22.39108993460794,45.46748739387541,3.715877626802064,15.35855562412956,18.15984977745979,24.473086763852013,21.10879891576176
2025-01-02 11:00:00,2.547157447365727,19.20097400938268,23.81204908087157,46.62627400739866,3.745417556388245,14.202418844979704,17.0377795135661,23.55414114560003,21.01117736716263
2025-01-02 11:10:00,2.6339023473613152,20.946694220075564,21.830546075116036,37.49399540269682,3.756419332953551,14.584632506560244,17.319521620165386,27.306194599417715,28.58433572228341
2025-01-02 11:20:00,2.61872456481072,23.226652865598723,30.40555736437488,54.648250481338856,3.8830575897559134,14.244393236151645,14.363504154401468,19.41784553981422,18.728294207766886
2025-01-02 11:30:00,2.594362058608167,22.813919467213704,30.23090174477424,50.25811581268316,3.94253848310593,14.708352214830953,14.254535705934106,19.088442898185814,20.382067526894588
2025-01-02 11:40:00,2.500564692482259,20.74674054109314,28.20143147711208,48.06984484237391,3.85809596452952,15.475287267933275,16.713418462656946,21.77021889158762,22.32518375718304
2025-01-02 11:50:00,2.6850341883417226,25.05218771713176,31.718291292846377,54.475127519786696,3.74716724907876,14.82959078816594,14.114506798134524,19.462227667074227,20.210967210747423
2025-01-02 12:00:00,2.541551512879205,19.67967195824306,30.012185638891214,60.402020389725465,3.62546969148679,16.13713778794212,15.78860424426508,19.20815314704287,16.785142986790564
2025-01-02 12:10:00,12.69757043093191,102.76917586083556,169.14136370379154,314.6739025503313,6.736658383237554,12.665128849381205,12.71549520528118,14.558796718655495,13.85388154773167
2025-01-02 12:20:00,2.944068071853761,24.253557138194537,38.89580913755295,73.69319925954716,3.949762183972081,15.611950430028822,14.133101663532036,16.494519201233732,15.065398446777714
2025-01-02 12:30:00,2.7631105488632146,22.935699288691545,28.91649639307192,61.4418111826593,3.7102957518573434,15.030047145517631,15.597496682612316,21.86925688453688,18.011561212459636
2025-01-02 12:40:00,2.4397143625067272,20.24924145411789,29.861161125927524,60.49724290574612,3.8908811204970055,16.112923926723813,14.450161253570956,18.33850892472441,15.40590459542962
2025-01-02 12:50:00,2.282776802692968,24.1494913121158,34.56800818483741,60.18749742804263,3.876264121346055,15.729027835992776,12.034601722475108,15.157649637729705,15.373894536636676
2025-01-02 13:00:00,2.4318752073945613,20.17441705846575,30.480130876794345,55.90266889439189,4.145986597784947,16.95507246799948,15.732281016079794,19.23092148652485,18.75462823671417
2025-01-02 13:10:00,2.210672925806428,22.4153072528987,30.575156002422048,56.933934758702456,3.609393081301651,15.556883269013117,12.546614926908996,16.491723275598485,15.985878708919342
2025-01-02 13:20:00,2.7725810410823963,23.52582293318454,31.578832211277984,66.1298800110738,4.073327244320584,15.584385310142247,15.487787071564329,19.934820747735355,16.78764980790521
2025-01-02 13:30:00,2.4626723368982657,18.56974642298523,24.04608533287523,55.729789719842834,3.876912354702572,15.533276206839442,18.58321085821303,23.64089716820897,17.483363411111007
2025-01-02 13:40:00,2.7063111531431443,22.67314365019176,27.733592863282944,64.83901011814181,3.788981112894177,14.977032407094825,15.677838967492198,20.87517398282104,15.666170237219664
2025-01-02 13:50:00,2.505593506313886,23.68318548844053,29.58654055880834,62.48752455834516,3.950391344958497,14.8134214848856,14.699913849539923,19.90671649215504,16.43475342494112
2025-01-02 14:00:00,2.70360315528188,25.95528975759857,31.29928914269758,57.85269090782807,3.68784949130586,14.7158423273026,14.189514834678986,19.873654263683918,18.9062895534617
2025-01-02 14:10:00,2.5437087207514644,20.21226998350429,27.30111571982043,50.10720718338653,3.888720258995341,15.601710028606012,16.864505284584826,22.252897031816648,21.203282168885558
2025-01-02 14:20:00,1.3340618954600727,36.675570413118415,96.86795188411357,229.34112396732684,57.41962843451172,234.8424357007613,71.33703263710245,51.909766695336224,40.463936700387215
2025-01-02 14:30:00,2.792612384152981,22.478999520839796,32.15730292521394,46.7804052776686,4.131317404230084,15.839809906034436,15.76295866739633,20.714806044748897,25.00211511568887
2025-01-02 14:40:00,3.1356282258530848,24.900015214873157,34.2990097718587,56.79999808478226,3.414272713589363,14.441983396661918,14.583493330045254,19.31830384358195,20.6829055395043
2025-01-02 14:50:00,2.4882143947309747,15.478159744238216,27.83983794221516,43.08853391617315,3.7042938821505698,18.40856255545041,19.446354583030555,21.556686822179795,25.28004125062892
2025-01-02 15:00:00,2.3153765798061405,24.57681491096132,31.62374154027055,51.16999533562839,3.816844857887631,14.176545174409029,11.812912101173843,16.450888611797378,18.48726764061883
2025-01-02 15:10:00,3.015361213766482,28.299432801762183,38.799549288258405,63.17734802791214,3.5396393914913324,14.318228833606415,13.002928486963382,17.072893156604856,19.379711606556643
2025-01-02 15:20:00,2.919779086312824,22.69099028126205,32.27632208131835,49.11291027504016,3.4248293861583825,13.955563413389408,15.482250246429796,20.60487125104016,24.59494956284614
2025-01-02 15:30:00,2.7470516719085105,18.42171050263676,30.64164665837038,56.76611442910785,4.031310035731265,15.425174073682,18.305530573142043,20.31309454273083,20.04654267980933
2025-01-02 15:40:00,2.461795387802364,26.493118919911996,33.16941825614636,48.72000414047745,4.028353855867666,13.751407559496116,12.177263983969496,17.33055469223301,21.818409977438588
2025-01-02 15:50:00,2.689206211139724,21.89139676897297,28.42691131477341,48.01026248910567,3.514688075842311,13.782763397561448,15.633118037979507,20.92536373533921,22.326823887997723
2025-01-02 16:00:00,2.2729882953228886,20.64199927274101,26.48662466299356,55.138105105145975,3.874765341571844,15.421534208819766,14.856432543491993,19.69237136763878,16.558868820427428
2025-01-02 16:10:00,2.305477444712813,17.12027242619739,23.30252285036876,42.812237553898925,3.7234872949458624,14.319433291192306,17.97763440203531,22.66412272744428,22.45450991855113
2025-01-02 16:20:00,2.564929250221045,17.87401574625076,32.40725363125101,57.70316392216015,3.5619288465556544,13.892234316252305,16.994180722549434,17.642252559657905,17.93405583569821
2025-01-02 16:30:00,2.3003306938221537,9.625765589982391,12.555588517072891,17.526978827846293,3.380675329507425,14.347167560714158,29.35521221698376,39.96460617795349,51.14608596932214
2025-01-02 16:40:00,2.52445047707254,22.55114428355318,29.801388038918347,53.95351623796647,3.801963527991032,13.683919945545066,14.649185739340858,19.24398581187012,18.90178093173652
2025-01-02 16:50:00,2.376351092872087,20.26859477730668,26.122366460847644,46.46292469947554,3.5667712200682185,13.904558737156265,15.30307623547344,20.57359077714217,20.58993387657165
2025-01-02 17:00:00,2.716802995872574,19.69434244371448,29.68120706478831,53.747775990880896,3.922091107244264,14.80952909443601,17.438156260059817,21.02136705598296,20.250407331061616
2025-01-02 17:10:00,2.4560441783498144,24.759771090379463,30.972821085525336,52.74987894758837,3.7625517729163342,13.30049155493927,13.372559928802568,18.524390244114223,19.375511885303062
2025-01-02 17:20:00,2.495292098010412,25.847165623747856,33.50232776938866,59.87728976426597,4.032413126780024,13.213606167704093,12.947486412375266,17.431329621903462,17.679882502886244
2025-01-02 17:30:00,2.613487246315373,25.18320266984712,33.279051774617265,53.5782693827036,3.619515893961236,13.280883075870127,12.821171987350509,17.239761528619148,19.4046503968047
2025-01-02 17:40:00,2.5359998525792298,19.50522157243503,30.88624145879788,43.20634521843156,4.20567763047174,13.710083821576251,16.895954828605166,19.370191341654195,25.710741187834483
2025-01-02 17:50:00,2.601030611267734,11.561162569422253,22.592980776706828,35.53305662840256,4.300178887530559,14.859645573147848,29.362618202809607,27.336847044009083,31.116650624752992
2025-01-02 18:00:00,2.1401349631360613,8.851703554057881,16.755479376328214,24.096502597979203,3.4549142107836466,15.148193374543856,31.849866239031165,31.51912504919993,38.7639051219471
2025-01-02 18:10:00,2.738635261942737,7.993038710630726,14.451853882337632,25.21577555029794,3.93282285271032,15.551697503124512,40.98123451210699,43.37216606181638,43.87753233841441
2025-01-02 18:20:00,2.4950311756864947,9.474090213114987,18.62497258394442,30.29040638231333,3.64658242566846,15.101130416195453,32.6767396247182,31.27061715028439,34.619389651351256
2025-01-02 18:30:00,2.3927850464967406,7.055979055925938,18.185331596033,42.261528536077535,3.369649293802938,15.47087817844935,38.63116479374212,26.39181791670073,20.559013339068542
2025-01-02 18:40:00,2.5191992569536072,3.9016674521430175,6.845938868993393,11.10210706290632,4.13901599116503,18.788923709172767,85.09316010538979,87.78272455160416,92.62177789684527
2025-01-02 18:50:00,2.5981401192106093,14.838963960506272,27.583542919048693,52.49284509602154,3.9524521780754394,15.287660061866124,21.583517345883344,22.22211472116376,20.70165699964244
2025-01-02 19:00:00,2.6125954843526737,20.331751684366143,28.952073615878657,54.24389423522783,3.5399726370677045,14.540058269249243,17.18053727100048,21.170604081415007,21.303263084412784
2025-01-02 19:10:00,2.061896237423432,16.608987840435848,22.30996407052155,38.01267550054828,3.6963557005781817,14.802359958149284,17.534994038200207,23.3559867752522,25.27973449705728
2025-01-02 19:20:00,2.41068507351894,19.732811717107747,29.503226968664343,49.94512507716766,3.136519790885135,15.250945545108952,15.521840700294687,18.967456389417716,20.858841526521203
2025-01-02 19:30:00,2.421436204308774,26.18509066361565,36.04490386482948,54.463070019756216,3.699646831264,15.035864326200407,12.14679608762087,16.289892983632022,20.31166454678709
2025-01-02 19:40:00,2.314184881586442,27.303704318100213,35.50256276555523,50.73504252478597,4.000443154723055,15.17313948325353,12.084500113175066,16.583603180606943,22.1670580957024
2025-01-02 19:50:00,2.440092445480872,28.58692751881321,38.83749952979625,58.560009066931485,3.871992515273688,15.28090033902535,10.870581324902531,14.6046795634659,18.112364604725236
2025-01-02 20:00:00,2.475562756407565,25.504708313645867,34.66324062395187,61.50291406667092,3.2883491241621954,15.518397129675094,12.130903992819968,15.552484078197743,16.25515069685899
2025-01-02 20:10:00,2.58451621102272,27.98157193861386,37.15077284320103,63.54674734725349,3.736070228705833,15.396142591119393,11.978339717865657,16.0665866134179,17.56569782362449
2025-01-02 20:20:00,10.440170090949035,312.3211126231934,544.7933649159874,1042.9442643978966,45.600760376064535,42.62355267174031,20.47774617021564,22.22924126100864,22.39314507819306
2025-01-02 20:30:00,16.312560237103916,174.79967223818312,223.32977025848268,381.4803263513501,10.030498465276787,15.758943975127712,13.154383102947792,17.697089758048936,19.64374207573853
2025-01-02 20:40:00,2.7471794446767697,24.30632751254699,33.452965861957075,61.56543364379876,3.840927763142058,17.44800808759934,15.239996448616882,19.795673988523784,19.80714346487582
2025-01-02 20:50:00,26.678574492419354,852.5532463640507,1557.0790197078206,3165.053865899657,128.30797286628876,60.01695945582155,25.04268024388773,26.44197780773884,24.04796705286557
2025-01-02 21:00:00,27.199366198972548,858.1219895747987,3393.5431762387066,7944.196520631668,372.3458938494766,199.37818015477708,59.46982087130044,34.34433561093284,27.76289386334717
2025-01-02 21:10:00,28.01498016382539,1402.5632166392331,3813.633468900234,8417.435066123675,473.83945572175145,185.46175547964268,46.53555999713336,36.9965166877492,31.579923300601138
2025-01-02 21:20:00,29.766409822031388,1248.1174989235103,2833.064346408824,6242.730792101473,245.3105349458367,102.55184975985144,30.23358821993689,27.795390697962524,23.616705471437115
2025-01-02 21:30:00,22.945780011149832,1959.663648673844,5859.833280484336,13759.19349204916,891.7404531828035,349.3233702098479,60.92709044973778,43.72158153864734,35.41029638927401
2025-01-02 21:40:00,10.725759198714266,79.7384925599417,93.18534382620044,163.9673454851434,6.5163553610144325,24.435861756593116,22.29051561712836,30.997050852046375,32.461784631181914
2025-01-02 21:50:00,27.414336081302817,728.9760691080627,950.0698401888684,1712.7513845074343,129.14737140266467,66.4427349662214,32.26393689465144,44.67269443300162,44.35617425160429
2025-01-02 22:00:00,25.320566624016347,755.8977295389662,1591.0458862001296,2628.1109208586613,259.51920216062734,137.92724094864158,56.9455248109001,51.96673443225985,59.05073473911666
2025-01-02 22:10:00,33.28743358044185,1481.546879090459,2777.270655162701,5104.000092799194,237.6503932950904,81.0114596708615,26.50978137468665,26.98351594400932,27.507966259429736
2025-01-02 22:20:00,22.337762558940515,901.8604027391196,2086.2398419356755,4070.883084082127,318.08730442028576,147.9552663191092,46.32821335996672,41.49949961824167,40.01639251331484
2025-01-02 22:30:00,43.745491427115006,1171.3889329471513,1925.510572792331,3132.3192367684533,167.66314966054878,65.55993967569367,29.12022246550117,33.557828711172704,39.28063771693937
2025-01-02 22:40:00,27.445583557345905,619.282995508282,1073.9502860265684,2040.8570893518024,129.09479982592612,68.06597171243554,38.60924115584106,39.15425880661384,36.39311006802581
2025-01-02 22:50:00,2.4573392806826155,19.055596572671465,25.569749230951928,50.83179111979579,3.7042110193188096,25.328030287403,20.04057018548769,25.623275902866343,22.75861843679241
2025-01-02 23:00:00,1.985314022197997,11.253741578227451,15.940014930904276,27.482076036899706,3.362776407124949,28.32363913551119,26.75343498235417,33.99349490057158,36.52833837900174
2025-01-02 23:10:00,2.297013838244435,17.335382941029803,18.57881554784552,22.621644895019703,3.561007841702428,23.257027379986564,20.651187948940237,32.42899032475695,50.85574413637861
2025-01-02 23:20:00,3.237440206140167,30.02797519612114,34.07015146693902,45.93218756901482,4.475868399829865,22.13653792965192,16.6508162714438,25.66599594428824,35.611360308356005
2025-01-02 23:30:00,29.4621600970372,966.7054036261334,1667.656595492947,2408.0791944459856,140.43884912554273,66.82009780450717,24.370134311340877,28.19680176270184,36.56245588438245
2025-01-02 23:40:00,2.3574560113643463,19.810879869179853,21.9461557993428,28.111190584017496,4.06408872893271,20.29820447686513,18.456058171581372,28.138118478792013,40.80368531836507
2025-01-02 23:50:00,2.882681150379511,24.24590157749066,27.55094074173212,36.37677799616085,3.8454494808593496,20.35146494440382,17.31287913310485,26.18024456010225,36.73681040006037
2025-01-03 00:00:00,2.4645153131321496,21.10082473849965,24.883679942116345,34.634233653104324,3.7161532712242367,20.3488773429885,17.12467274341072,24.808458533553367,32.60513500303046
2025-01-03 00:10:00,1.9842536903430723,15.395428963819882,18.771753689342468,29.313285839196272,3.6754209581760966,19.47300903174504,18.30743150972015,25.493253926671848,29.894786126977703
2025-01-03 00:20:00,2.6531830682317192,24.6331700994868,27.21133545456433,36.56719526728574,3.736093211754949,18.968343380793936,15.697991209773486,23.65606439001642,33.195458387475625
2025-01-03 00:30:00,1.962474687061282,15.678564446433093,16.863379463433283,25.09336537887299,3.798158031150084,19.439298213381235,21.438868221941707,31.31407067156545,38.51477631670495
2025-01-03 00:40:00,3.5848804854182728,16.880625395373475,17.929541088370588,31.32681059259325,5.152953264207891,22.087098326626567,38.76607975582498,56.552408802006944,58.09005535307237
2025-01-03 00:50:00,3.086049509354156,16.17468738386124,21.72881464636052,28.59146316953129,3.93300652998774,19.043051076487476,28.23837512943556,35.586969555178435,50.2792529170526
2025-01-03 01:00:00,3.29357675077544,37.32109675835206,47.387430029992856,71.70250242758493,4.395412807661152,19.02405232821508,13.24400139037826,18.777019602054644,21.94881972054913
2025-01-03 01:10:00,2.648704386219785,20.13891020145412,28.40116510318357,37.13841168672021,3.7124004361713623,19.393430374989467,17.65740253238497,22.649593730309952,31.990289269106828
2025-01-03 01:20:00,3.812146073580121,28.484777253298606,28.061205112359985,47.42748665989719,5.705597198729851,19.41510175670995,24.29819094854412,38.80062589472679,40.51987618115994
2025-01-03 01:30:00,2.551542729126277,22.964903979441026,29.00606470333722,40.57078271546241,4.274704795260964,17.950116745645644,16.658060298403395,22.17177351176371,29.958933572752525
2025-01-03 01:40:00,2.584180546420704,12.985599430453409,9.82580765031264,14.99802485653345,3.704138819403194,17.12318021640435,29.54371133018312,58.96163074011841,67.68137437436502
2025-01-03 01:50:00,2.233722369578929,20.15184634693222,22.39725324074155,40.83036284475583,3.7066099152017,22.356278703282108,20.598678788555997,27.427676041550814,29.147574140479232
2025-01-03 02:00:00,28.009952691415045,776.174135252537,969.9361847263694,1737.1920744143422,128.49651551388936,58.33655043774884,30.97465978220524,43.2539197091112,44.07566946882486
2025-01-03 02:10:00,2.301333219773998,17.824294004537574,18.79049135326513,24.021944807051923,3.4140808821342707,16.911179735067968,19.37616065062183,29.03508605665428,43.28004815413646
2025-01-03 02:20:00,2.558266176631285,25.809605744268755,32.55190668055818,52.2505159148675,4.282723935931332,16.93882457831847,14.000149297962947,19.239300380659014,22.08966678337759
2025-01-03 02:30:00,2.3124425881712605,21.949165170476405,24.608136354111064,31.417042852285288,3.73633362802736,16.09810764604231,15.313294459646142,23.277908692323155,35.13554884278162
2025-01-03 02:40:00,2.2531944366877026,18.48373487226462,19.610164908611623,28.02667633798759,3.627675262750074,15.87985075544503,18.19149512931896,26.9644548765305,36.14959692067063
2025-01-03 02:50:00,2.349927641736619,22.03547757650845,26.43275428494183,38.18326917716335,4.27895195367198,16.25312363233803,16.793452891081067,23.56083113665681,30.13746924932601
2025-01-03 03:00:00,3.084516837077137,21.092832291762864,29.920263542264877,47.92231261534191,4.021666481317389,15.51234801763317,19.84134848960032,24.370224688640462,26.60703930612789
2025-01-03 03:10:00,2.184019929561388,18.560967452450384,22.431934014984368,32.88227509984626,3.9304450331443017,15.391611557056748,16.326497618463275,23.408233284064583,29.066892202746555
2025-01-03 03:20:00,2.040961670373997,12.72028483097797,11.306243087335089,18.47244071721095,3.8083798268465,15.314449386647036,24.75322358599417,41.94974877386156,46.76179399188575
2025-01-03 03:30:00,2.3646506359815374,19.305120894315976,23.041136032489558,31.870499785967247,3.924788652938882,15.31742633039187,16.912663526645698,22.86707237005033,32.47795405129473
2025-01-03 03:40:00,2.581679448545893,27.78432107371485,32.73064913813356,41.696068784170855,3.6748204664490784,14.781148101198417,12.826694798148932,18.99707362588944,28.67246892855805
2025-01-03 03:50:00,2.222190848273909,20.88313913999531,24.51432865784548,33.52471652165073,3.721755709250554,14.848916722976124,15.120839866569504,21.407458740192347,29.845648821760385
2025-01-03 04:00:00,2.7265513192675623,14.359789112055292,17.045489020551,28.187208809220365,3.633210647202418,18.157119597276665,24.92010764113299,36.70490836146521,38.86053511674208
2025-01-03 04:10:00,2.9923306295357905,18.76328799788757,24.421172243287963,34.50725710193313,3.9513114439666985,14.777544881939372,20.02839076250436,27.16968861226896,35.882832641620105
2025-01-03 04:20:00,2.442897986182862,13.323302323688525,22.05286276173365,40.07091599414084,3.891080938133908,15.17270602916118,25.0082823543036,25.56422785936265,25.528933729608585
2025-01-03 04:30:00,2.9044152618105943,8.327204567055064,12.856285339265504,19.143802228106527,4.100769640746387,15.02232048174191,44.33595100081145,51.28590704074004,59.974451424143936
2025-01-03 04:40:00,2.518788139899471,22.6447036921642,33.24111894339702,44.6925596719015,3.945801695937732,17.82679231294133,15.126061964310686,18.95961739072628,26.54175245126744
2025-01-03 04:50:00,2.8347858174967784,28.321489843129577,33.462649328511205,46.37868659496792,3.8228103234494544,14.975783549153714,13.340677132707738,19.848008741747684,26.6860346122228
2025-01-03 05:00:00,3.319679177496886,32.008592837080734,41.191771316386905,64.57381268693962,3.9014043355249455,13.578583103328205,13.63189138978112,18.58558544916477,21.428594226545712
2025-01-03 05:10:00,2.543308910455298,22.759365320296453,31.438249870527947,61.86310621949717,3.919880767096861,14.384768474382666,14.237757684055332,18.249569218586217,16.033972308348876
2025-01-03 05:20:00,2.182746205220793,14.963997895760686,19.20010939936275,30.148542513920955,3.5340812478910646,14.396185486441777,21.89233320900374,27.861583219856925,32.63514529381999
2025-01-03 05:30:00,2.38597801287377,16.12578517530814,20.310434314585844,29.792632796310567,3.9502404950436873,13.712737290217907,19.808995943745664,26.480242304743975,33.44366531408434
2025-01-03 05:40:00,2.837108728788721,17.854817886986048,24.98637639081316,34.229782739458656,3.738419761044047,13.516824627495977,20.146841753138347,24.889053647801088,33.25315423964978
2025-01-03 05:50:00,2.421100724268863,16.582061186984216,19.51206288680028,32.53744138662512,4.149515364508219,13.96217076868383,20.451987402535703,29.133510127491533,31.92214338719857
2025-01-03 06:00:00,6.798332004981041,72.98817786829133,85.71364298486844,119.38241921721324,8.168997265236769,14.515409543467372,15.708662301358949,23.20176892176985,30.402547950869817
2025-01-03 06:10:00,4.865528881811994,28.511730461916667,43.67602423635434,78.13589193614708,4.695197525959253,16.00860783205864,21.69225822048663,25.646918751041472,26.047591544975965
2025-01-03 06:20:00,2.7176133527634247,12.834472698598342,22.174820197735464,33.426139622334496,3.8906469013870857,15.436659172324404,25.957248660884567,29.47467057889862,33.03367893178359
2025-01-03 06:30:00,2.2235263680849604,19.197101417382644,26.483999231301567,32.500849452315414,3.4117704933329205,14.911340138934872,14.070707943380963,19.616484005394987,29.144077640603843
2025-01-03 06:40:00,2.6573966744220248,14.712277499033856,22.00677506294624,30.301649479274182,3.5409672320406247,16.528985993909163,23.25993277189786,28.298825314563004,39.19522850570123
2025-01-03 06:50:00,2.80773637949449,14.81634501104048,20.76763199311514,26.49182306124052,3.7185805204432087,16.129526101564256,23.887473985047524,31.27045522554281,45.84470322826252
2025-01-03 07:00:00,2.631210127298364,9.405877151857531,15.730409303774945,22.904559072378294,3.866353470251244,17.24263619801267,33.15643741598544,38.12862976135983,47.23474396430613
2025-01-03 07:10:00,4.685089261267807,25.9027573060418,49.32155135112476,84.51380157593373,6.094753165827591,17.58505888073931,26.923899317350056,26.718793382345197,28.33002333496701
2025-01-03 07:20:00,2.375170787841581,8.98693513399352,14.206153367598706,20.95286784841308,4.316789450702001,18.17575461513005,37.07644665098304,44.483870116793575,53.09236624232746
2025-01-03 07:30:00,3.0792768909792465,25.689351595459613,40.00669665364085,61.91396576520936,4.070126469350009,16.31088804801588,15.890782643091333,18.914758129208284,22.120067399018332
2025-01-03 07:40:00,3.3393898761044243,22.97796584855302,31.065496813248465,42.69408679307999,3.9777459867309455,15.604222565437793,17.837316189013222,23.6642213338867,31.895077530308168
2025-01-03 07:50:00,2.6741977687524057,14.7046591605267,14.126082728512934,21.893054303697003,3.74726941904354,15.479671165149448,26.748101221421905,41.04449546259489,49.60519038768068
2025-01-03 08:00:00,2.722025541026523,14.076406924685443,20.91787944258307,30.87560296792988,3.959055304088588,16.852621653890797,24.34835280760681,28.308168061605723,35.35804979679772
2025-01-03 08:10:00,2.6823978497818914,24.96097938944021,36.89427146029667,53.651365717486655,4.269883671370289,16.054736457412357,13.036040437401912,16.233163770547442,20.727146483970387
2025-01-03 08:20:00,1.697879122247713,40.79392565639132,113.55033041100988,259.43836846859625,39.809310969012806,243.29094125604476,76.62143658152509,53.96864590417348,43.53841217344024
2025-01-03 08:30:00,2.829335664891246,14.438824864926458,28.8248640736634,45.06217967858316,4.062675490345972,20.714036130461903,24.25707423310206,23.55808722007337,27.59891387258848
2025-01-03 08:40:00,2.2417797555398806,13.21784954163104,16.29205412207117,25.395253441226064,3.73483637255994,19.766462087989417,23.549500529913228,33.66295588019908,39.74385473010165
2025-01-03 08:50:00,12.422035886740494,225.7502348915304,364.4374935893866,608.7910492856208,42.01671992568279,42.4683886189314,30.291739896339845,34.42019931203115,38.28556333318019
2025-01-03 09:00:00,2.353988473754509,17.681151890218047,24.99043939505352,39.61905348146867,3.6896185094399727,20.28722203490457,17.175383636706318,22.35671578259067,25.83985064897045
2025-01-03 09:10:00,3.8619887540183577,18.133139300195488,31.072009385818237,45.77675925925801,4.650711490830559,21.493021347267376,28.76697552177946,32.89818824902883,39.38588509634094
2025-01-03 09:20:00,2.599160275330041,19.9992871047525,29.975111468724,36.37654317592232,3.7975496050651465,20.55215634534425,16.72683976202656,21.25721697193252,33.22435341322212
2025-01-03 09:30:00,27.830069138310737,734.7894979442053,1721.634900348488,3052.4683271045105,128.49147351532716,62.79020027290756,28.586136149574337,24.03038577102995,25.91347936431608
2025-01-03 09:40:00,2.363586557890201,8.414116943078543,12.245507877071567,20.497180278299087,3.4010204776353707,22.86860848120452,39.84280449886524,47.65373767007545,49.80254010626334
2025-01-03 09:50:00,2.2952661862447177,13.78699095410748,18.315137947282068,26.535643297433257,3.91244518327188,22.91363008990326,22.673326233217487,30.128067455974893,37.553321005759386
2025-01-03 10:00:00,2.677697203970162,15.042946719409697,28.44434633176937,46.66338247988136,4.06984194304747,22.57220687890149,23.77272561380926,23.01640104878017,25.2907451646579
2025-01-03 10:10:00,2.683226592413152,10.6806965844617,21.56966316420229,36.99861197626344,4.054311325270218,25.497794206761533,33.0528859598641,30.29495972880394,32.47475218860025
2025-01-03 10:20:00,2.633959763733837,8.574029268735474,12.148009661283943,22.44416934669759,4.237077240473081,24.128194717993352,46.8445643210413,58.27392589652381,55.76491994240357
2025-01-03 10:30:00,2.5686624035972825,24.653367260968363,41.9228530328651,64.94027931656379,4.162269953416015,20.751265114796045,13.269289151591382,14.847061418430542,17.478212386082117
2025-01-03 10:40:00,2.148080523003371,15.121626445407404,20.737632197334477,27.969111445061568,3.495631707891228,20.007139835608992,20.478059567636745,26.747723182680375,36.65965714082029
2025-01-03 10:50:00,2.0128881452894296,16.56378186670432,22.675442699748093,34.35395317493554,3.5035558573714742,19.86209333155667,16.352619045710526,21.548541812548105,25.999976385227264
2025-01-03 11:00:00,2.308554080063685,13.541273227086204,20.156606335824225,26.554992095310524,3.66172812305084,19.930691133862208,22.218590892564336,28.001504710809115,38.7344688911207
2025-01-03 11:10:00,2.383061583395108,11.028799160118403,18.259026996635075,25.76924310975912,3.368989244041392,20.392114770005357,26.90022722480079,31.296820661467017,40.80345131580311
2025-01-03 11:20:00,2.524711689472647,20.84330736324299,37.06037686964362,54.52556475214047,3.7822945231492886,18.866521842499164,14.596655217933264,16.12628750447554,19.92694069973591
2025-01-03 11:30:00,2.346633804894587,24.15297804289158,33.03896457220261,43.50301834606547,3.817355274493005,19.2231953295196,12.653932358744427,17.29657955585714,23.905225294873688
2025-01-03 11:40:00,2.614548677677232,22.684001626281272,28.99151484253308,42.408141369320205,3.4735536476770648,19.738183297545213,15.68871747542132,21.358477171188884,27.39333775512485
2025-01-03 11:50:00,2.5203112877210345,25.92604564667424,39.31063902151043,61.2422232551964,3.7073266178095095,19.558286770197384,12.83415300237344,15.71647443356151,18.92785966702003
2025-01-03 12:00:00,2.5124125721898114,20.46108283759886,32.721848478075906,52.19913677559902,3.752527790469328,19.839833917341146,16.331898310845318,18.764178234683826,20.60900249953537
2025-01-03 12:10:00,2.291536823292324,17.34966608392078,31.1277901445888,45.4384493305556,4.037662448718011,20.31512426132288,17.554728674737373,18.783235833999257,24.33152812084607
2025-01-03 12:20:00,2.125145894025648,12.159474259417092,33.385136915483976,55.19248707109339,3.7348644838601306,20.2576740822628,20.19854919116237,15.990969419118736,17.080574314832596
2025-01-03 12:30:00,2.5190253553885604,14.035382888703028,25.075115508989725,35.172815820596306,3.858345714803455,20.95320096871868,22.63976139942855,26.006799155475843,32.29637758300673
2025-01-03 12:40:00,3.0609911392355884,27.615107035053665,40.51592018240608,74.96934234340864,4.326325707141896,19.780955721652703,14.967340783410604,18.46567969340669,18.089006903312736
2025-01-03 12:50:00,2.30454151757191,13.577080350426908,15.523226827048983,26.46730683579804,3.869759506767912,19.21325031202236,26.75679402615711,35.30523711615234,37.75650741551287
2025-01-03 13:00:00,2.8382398034095595,27.897675779381764,36.63356208493728,62.28633043517235,4.362128015699864,19.38185433703153,14.675460784794613,19.158830270064005,20.498538657097093
2025-01-03 13:10:00,3.2940406808105447,40.57821616976477,58.78526277586593,102.7520611578931,5.402966692022981,19.97022785095797,12.143935188693897,15.428880496187256,15.58123002463288
2025-01-03 13:20:00,2.901870861185172,23.02934888713722,34.09635220204213,63.44250575241321,4.103292511425839,19.58149526018795,16.788827949706533,20.567788577108896,20.00670123200756
2025-01-03 13:30:00,2.4128197942794305,21.67081963433083,30.373428863449384,57.38231258149452,3.702638911034096,18.86116330703752,15.014128606280543,19.06691801022361,18.012108265971612
2025-01-03 13:40:00,3.8086421665763823,30.95663116941391,42.491696681413735,77.06355835771835,5.309860614744115,18.580978692195416,18.576852452633897,23.302546696020546,22.566909133882525
2025-01-03 13:50:00,1.8223830485606425,5.7364840513067366,13.997733694405532,28.21881775721052,3.694632359494869,39.44814967021635,48.65594385705521,42.33494271078719,35.858011355204845
2025-01-03 14:00:00,2.270648899421847,16.963061496507564,24.410566783952817,51.5598770332698,3.7826951050526634,18.21232870942733,18.50844209713277,22.42402543052869,18.26947792472821
2025-01-03 14:10:00,2.3702850331792336,11.01843821946177,13.992267780099882,28.708050263324637,3.6217464086692175,18.779153471392416,30.647814121447663,40.04597433318922,33.529624371630256
2025-01-03 14:20:00,2.4912329281671424,9.43732105701515,10.819405116804347,20.510028686631795,3.9589295727708342,18.81369798494805,40.67925614953683,55.143978219803046,50.97026531005818
2025-01-03 14:30:00,2.6014631469520886,16.50956658027792,20.94142371527864,45.64745955375596,4.056189533873099,16.925645102151364,22.59056626596029,27.72527596414238,22.95865322459306
2025-01-03 14:40:00,2.5599663655590725,16.56685876997911,23.99563783607569,50.44837158718544,4.032245771090287,18.803322833294725,20.965908464894863,24.99499158644089,20.883065990235288
2025-01-03 14:50:00,2.667011905978508,18.63397655815997,28.741475221702093,48.067383960825566,4.037783705349543,17.580115063364815,17.801147398383012,21.36570049127875,22.30489727112884
2025-01-03 15:00:00,2.2191972418886508,19.24810619257837,24.456531263354535,41.34675778504574,3.603053867452231,16.89421463651421,15.881417242975626,21.47056905819905,22.763205788474856
2025-01-03 15:10:00,2.106225712529801,23.67769754269313,30.48923376611997,51.92015645014773,3.4421176853405617,16.642473797554885,12.194675252425762,16.853022655415728,17.952061416290874
2025-01-03 15:20:00,2.7048089507700523,31.0400206808392,44.96404850524068,88.59846342711587,3.889352144229649,16.50143612761931,11.471843560975062,14.487592951771225,12.584733080905332
2025-01-03 15:30:00,2.8045030334080363,31.33092398555214,39.15911794739176,59.94270068810109,3.699168476771711,16.34152511400766,12.125547103825657,17.123038390838456,20.247324867612356
2025-01-03 15:40:00,2.6627540409742654,31.2386259860479,43.80429754966895,72.57539689999423,4.115207657515836,16.56825818397702,10.519651418162509,14.059632959224537,15.221186692732246
2025-01-03 15:50:00,2.571981252819977,29.039384503741704,47.5509816759574,90.02467308823951,3.705054478731144,16.17164630769425,10.323335971594926,12.206965514402413,11.295763656022164
2025-01-03 16:00:00,2.4412384534828213,19.266982674065936,26.099667040077247,47.05803899248112,3.8405304621336183,16.430948689508167,16.592841725754333,21.78066422659284,21.072100415407352
2025-01-03 16:10:00,2.813456327932276,26.8902982949671,46.57487094085265,93.45090253851124,3.9317335590078,15.928009634158885,12.066215927414005,13.57865646426571,11.647964321279884
2025-01-03 16:20:00,2.617698082403959,14.664748526325017,29.89838287169476,49.77554152768966,4.105519702905693,21.129795906290305,22.65989758184808,22.36497025127997,24.26144863211932
2025-01-03 16:30:00,2.417987185798377,23.17377595691426,33.72067323510777,62.81686648257112,3.5948369812706518,16.604667901999942,13.950842783577173,17.607584693616438,16.893822877173783
2025-01-03 16:40:00,2.182913667357508,16.97615671121944,30.4176252404544,54.04155287130138,3.525477106076847,19.465289124415204,15.629259136657812,17.64020777431932,17.01852474600342
2025-01-03 16:50:00,2.7527745104114927,34.77789250253021,60.31702165302124,84.8159542077517,4.06514719871932,17.07135170820441,9.205363136946898,10.98543412980914,14.086327792516
2025-01-03 17:00:00,2.299089115621799,25.73680554892808,46.60090119588107,90.71704192788972,3.6113558575245497,17.438835570009395,10.285340071468076,11.540298256389365,10.21965362016934
2025-01-03 17:10:00,2.470237342874692,26.223416442957102,43.34966132495765,68.11018757579834,3.734023522635424,17.244082027565522,11.507933408057731,13.707839769416962,15.676133778035746
2025-01-03 17:20:00,2.196800521206783,28.952954792960835,48.88858083631539,93.42830540329444,3.6623335611401946,17.37578293207058,9.608922692046812,11.233299642434211,10.250948563127602
2025-01-03 17:30:00,2.595287798594978,32.63317118229791,52.98336842242728,97.86886304196123,3.981333339456576,16.41351536945229,9.856710513210569,11.739669659821653,10.972393868104293
2025-01-03 17:40:00,2.7752636349156656,29.64110894080937,42.68310018915311,69.64458926027399,3.796098607388196,16.629584220153376,12.123577489308644,15.84668852207444,17.790368545895973
2025-01-03 17:50:00,2.0626310346698657,4.607884966441533,11.147859364199745,26.249943437977414,4.013633389989506,50.750740254360124,73.48816518631641,60.86467049415973,43.588569198410816
2025-01-03 18:00:00,1.958731689901383,10.925343913449868,24.944290832963716,48.80649086003889,3.8019548256511095,27.62761370969254,23.81955437798328,21.635389883967125,19.260390596192543
2025-01-03 18:10:00,2.4956099042605,22.79446436706205,39.46365935153444,79.61836654682027,3.9618365133136337,18.22205079190251,14.567415558683658,16.119811569098946,13.840740978424186
2025-01-03 18:20:00,2.756155765091506,32.72472427169643,46.01627147885819,89.95331012777697,3.419740886614614,16.70635177561155,10.889816511735228,13.91691152720774,12.727109491314392
2025-01-03 18:30:00,2.698679990642548,28.05842671995121,38.73847466824397,74.04503007745343,3.862901911759137,17.283397518019058,12.151727709561754,15.510354213001168,14.71758096159815
2025-01-03 18:40:00,2.847124358597496,28.98372860050153,43.46151077300437,90.77232326088452,3.190496899997642,16.343805971572802,12.198111769949756,14.517818654207272,12.43013158875727
2025-01-03 18:50:00,2.522849964730536,20.678668218149816,31.93955945946171,59.80981373996896,3.634239488540453,16.264203105340343,14.919292540704586,17.834219722274266,16.519290941275322
2025-01-03 19:00:00,2.440829021520813,17.79244713665809,22.29954786871006,43.52817892903844,3.5531859028452613,15.961821411361091,17.85760545644163,24.9681352874068,22.165477657742493
2025-01-03 19:10:00,2.584695258347813,27.59427592414357,41.21585095270322,78.88440067285964,3.6266624133376975,16.381142027818484,11.29405348484354,14.0119444134326,12.836104674336394
2025-01-03 19:20:00,2.124270892327856,23.695094301878083,33.27884655875398,61.93264494537581,3.476047482361295,15.975873612152183,12.143216602266596,15.292919925950995,15.101530267445089
2025-01-03 19:30:00,2.7333250576964523,35.11734243561408,48.23605816601823,92.10327831911786,3.866428393768289,15.55405574665271,10.395954551475198,13.333395757126208,12.58971928232518
2025-01-03 19:40:00,2.547608265610034,26.570132260254184,36.79640897592763,73.55190207829561,3.8713013704489567,15.43371016026118,12.571430079363276,16.229535848762424,14.118168184874442
2025-01-03 19:50:00,3.0687690185930894,27.381804319086346,34.379262430185904,69.95598646037767,4.103693525353355,15.210444415790782,15.391982943490715,20.77819271951184,17.736365733007432
2025-01-03 20:00:00,2.6848041857678884,22.63216935134382,28.324577435476165,52.7176594350085,3.766583450449843,15.304225239653112,16.331688792437483,21.73538048193599,20.982509260963283
2025-01-03 20:10:00,2.5629761908338744,25.378504475005144,31.616976979693167,63.58496332620946,4.195726917036493,16.16372243575571,14.565097129869365,20.269605823161168,17.01012401120389
2025-01-03 20:20:00,2.2675048063210275,20.05189660148273,24.30630866851194,53.85761453668529,3.369462045829027,14.96542773066314,14.87981423027521,20.713531395682043,15.689621545553605
2025-01-03 20:30:00,2.653961449189236,21.289084339638965,27.58702115395355,60.8252794450565,3.524169474153213,15.375568242717076,15.711162600075076,21.057713811009368,16.000050163655583
2025-01-03 20:40:00,2.616992848518358,24.458177222722664,31.2661858398038,72.71118228096385,4.049940448496711,14.91400716749982,13.66991869387918,18.590518087397697,13.431884987587514
2025-01-03 20:50:00,2.387322220546337,21.418484830990632,28.12138386233915,60.827729843587214,3.298443865197916,14.45354721878994,14.350205743566336,19.049225306236146,15.143039398781324
2025-01-03 21:00:00,2.655157541109381,18.75118234508654,22.052343459532608,47.26436075747154,3.470608050366124,14.76723184931512,17.95914284512689,24.889168723634235,20.75292183786147
2025-01-03 21:10:00,2.6895625320252123,18.388299967218902,23.02405263305331,53.89976706910314,4.135018866043043,14.881075030367706,19.36785853439049,25.450215370582008,18.877020384030825
2025-01-03 21:20:00,2.2975091935741103,18.06646598635032,23.187902721115265,51.72675938891282,4.172961732930853,15.214491374626524,18.74001945232725,24.19099957124657,18.84945763951108
2025-01-03 21:30:00,2.626519800403239,18.089361502611165,25.187300951341925,54.28583694684038,3.902901724272619,15.014575811455025,19.509961759653603,24.315963702304607,19.189496191138865
2025-01-03 21:40:00,2.567135142674296,14.751656461490766,21.225256203156324,40.961505405246726,3.8006316765859984,15.658162824099218,23.073398170099228,28.165593135980988,25.44561943012837
2025-01-03 21:50:00,2.6146190390798605,20.834306977429367,26.0167629165018,50.77667064931515,3.882810398083342,14.660399644474294,16.971831309969996,23.10326227014458,20.659561602285724
2025-01-03 22:00:00,2.735782404888829,21.597832121655173,26.7878774660846,45.9401798375616,4.042281423587687,14.664955901897244,17.96723913977656,24.314903713697387,25.29374757111239
2025-01-03 22:10:00,2.295299903337485,23.057936666522977,30.93450187511181,62.01113583116605,3.733522877632596,14.57890048616919,14.236721900015963,18.40974141407707,15.941677835184656
2025-01-03 22:20:00,3.0191186047030407,23.14838841475362,32.7780127781775,67.32525277166627,4.055286274068944,14.76923799954495,16.92445521488376,20.762524718495225,17.48801589654974
2025-01-03 22:30:00,2.757389800373286,12.552162125615066,20.434719624925165,31.025471069804425,3.829183264623389,14.987452843357891,28.421506236415865,30.738457622379705,36.0780907376071
2025-01-03 22:40:00,2.415281713227363,9.768460817397209,13.32343861362978,19.5380042844448,3.64789985695676,15.314760924332726,35.357137693427134,44.92536615815965,57.148565384430455
2025-01-03 22:50:00,2.4238586344717232,20.89765197661288,30.33355766835621,43.52379893276717,3.799283003655885,14.239574495365236,15.134485195563151,19.19439260851595,24.73393447902359
2025-01-03 23:00:00,2.8620759488803915,18.826677275688024,25.36655737386673,42.3997896896388,3.6880966651998897,15.317406379198776,20.707957109310037,26.528393018414,28.542867732696244
2025-01-03 23:10:00,2.6818629950381365,23.769386054716627,31.81205502301088,64.91434002189325,3.9392503421205936,14.217635404267712,15.34555662525338,19.44370339821746,16.622734182664065
2025-01-03 23:20:00,2.617095940950936,20.774944428658277,27.07442745889161,38.22511463779378,4.143315431506516,14.798815968912622,16.39782568438532,22.178642290353903,29.42280363358352
2025-01-03 23:30:00,2.755496814449258,23.61829133680179,31.637016203139343,54.07525357673906,4.321015002667629,14.511019232869574,16.09216967247195,21.046933374596072,21.48408869334596
2025-01-03 23:40:00,2.5664109219953413,22.19355671368664,29.19604695750817,47.10761742916521,3.9671034271265606,13.857128018602095,15.65797559959489,20.5623089307775,22.89866600306837
2025-01-03 23:50:00,3.280128854505558,25.12284571120277,28.68124382400141,40.92586642060044,3.641559065369068,13.22944707655217,16.891770763680597,24.57031158412924,31.842142839769853
